{"reqDaysOhlc":[{"id":94132977239,"securityId":486,"open":50.6,"high":52.0,"low":50.6,"close":50.9,"turnover":2170441.7,"shareVolume":41909,"tradeVolume":49,"tradeDate":1751394600000},{"id":94087732013,"securityId":486,"open":52.3,"high":52.3,"low":50.3,"close":50.6,"turnover":1573507.9,"shareVolume":30781,"tradeVolume":54,"tradeDate":1751308200000},{"id":94043118483,"securityId":486,"open":52.2,"high":52.7,"low":50.3,"close":51.7,"turnover":1121520.7,"shareVolume":21556,"tradeVolume":68,"tradeDate":1751221800000},{"id":93998662877,"securityId":486,"open":50.3,"high":53.9,"low":50.3,"close":51.3,"turnover":4093173.6,"shareVolume":79341,"tradeVolume":64,"tradeDate":1750962600000},{"id":93953891423,"securityId":486,"open":50.0,"high":51.8,"low":50.0,"close":50.3,"turnover":1046145.0,"shareVolume":20507,"tradeVolume":45,"tradeDate":1750876200000},{"id":93908804121,"securityId":486,"open":49.0,"high":50.2,"low":48.0,"close":49.9,"turnover":4636620.7,"shareVolume":93384,"tradeVolume":69,"tradeDate":1750789800000},{"id":93841844345,"securityId":486,"open":46.9,"high":49.8,"low":46.9,"close":48.0,"turnover":1940982.2,"shareVolume":39735,"tradeVolume":48,"tradeDate":1750703400000},{"id":93797783549,"securityId":486,"open":44.9,"high":48.9,"low":44.9,"close":46.4,"turnover":923874.3,"shareVolume":20138,"tradeVolume":69,"tradeDate":1750617000000},{"id":93753485867,"securityId":486,"open":46.3,"high":48.5,"low":46.1,"close":47.4,"turnover":1807484.6,"shareVolume":38443,"tradeVolume":55,"tradeDate":1750357800000},{"id":93708714413,"securityId":486,"open":46.5,"high":47.5,"low":46.0,"close":46.2,"turnover":2593021.3,"shareVolume":55944,"tradeVolume":86,"tradeDate":1750271400000},{"id":93663548149,"securityId":486,"open":48.9,"high":48.9,"low":46.5,"close":46.9,"turnover":1138308.9,"shareVolume":24000,"tradeVolume":90,"tradeDate":1750185000000},{"id":93618618771,"securityId":486,"open":48.0,"high":48.9,"low":48.0,"close":48.1,"turnover":2200240.0,"shareVolume":45677,"tradeVolume":57,"tradeDate":1750098600000},{"id":93574005241,"securityId":486,"open":49.2,"high":49.2,"low":48.1,"close":48.4,"turnover":2858613.0,"shareVolume":58994,"tradeVolume":60,"tradeDate":1750012200000},{"id":93528996901,"securityId":486,"open":51.0,"high":51.0,"low":49.0,"close":49.4,"turnover":796063.4,"shareVolume":16157,"tradeVolume":24,"tradeDate":1749753000000},{"id":93461721277,"securityId":486,"open":50.0,"high":50.0,"low":48.1,"close":48.9,"turnover":1327882.0,"shareVolume":27228,"tradeVolume":60,"tradeDate":1749666600000},{"id":93416712937,"securityId":486,"open":50.0,"high":50.0,"low":48.6,"close":49.9,"turnover":4707005.4,"shareVolume":94333,"tradeVolume":34,"tradeDate":1749580200000},{"id":93371704597,"securityId":486,"open":50.0,"high":50.0,"low":48.7,"close":48.8,"turnover":1078991.8,"shareVolume":22040,"tradeVolume":54,"tradeDate":1749407400000},{"id":93326617295,"securityId":486,"open":50.3,"high":50.3,"low":49.5,"close":49.7,"turnover":743679.1,"shareVolume":14879,"tradeVolume":57,"tradeDate":1749148200000},{"id":93281766879,"securityId":486,"open":51.0,"high":51.0,"low":50.0,"close":50.1,"turnover":1914693.1,"shareVolume":38209,"tradeVolume":38,"tradeDate":1749061800000},{"id":93236758539,"securityId":486,"open":51.5,"high":52.0,"low":50.1,"close":50.1,"turnover":346386.6,"shareVolume":6880,"tradeVolume":41,"tradeDate":1748975400000},{"id":93192302933,"securityId":486,"open":49.5,"high":51.3,"low":49.5,"close":50.6,"turnover":4627045.0,"shareVolume":91728,"tradeVolume":86,"tradeDate":1748889000000},{"id":93147531479,"securityId":486,"open":49.7,"high":49.7,"low":49.0,"close":49.1,"turnover":1477759.3,"shareVolume":30100,"tradeVolume":65,"tradeDate":1748802600000},{"id":93102523139,"securityId":486,"open":49.7,"high":49.7,"low":49.1,"close":49.4,"turnover":1225144.9,"shareVolume":24808,"tradeVolume":31,"tradeDate":1748543400000},{"id":93057435837,"securityId":486,"open":49.3,"high":49.9,"low":49.0,"close":49.7,"turnover":2736348.8,"shareVolume":55290,"tradeVolume":73,"tradeDate":1748457000000},{"id":93012348535,"securityId":486,"open":49.4,"high":49.8,"low":49.0,"close":49.2,"turnover":3983543.8,"shareVolume":81133,"tradeVolume":80,"tradeDate":1748370600000},{"id":92946257341,"securityId":486,"open":46.4,"high":50.0,"low":46.3,"close":48.1,"turnover":1.61591646E7,"shareVolume":338731,"tradeVolume":126,"tradeDate":1748284200000},{"id":92902354469,"securityId":486,"open":46.4,"high":46.7,"low":46.2,"close":46.3,"turnover":503309.1,"shareVolume":10841,"tradeVolume":33,"tradeDate":1748197800000},{"id":92858767445,"securityId":486,"open":45.7,"high":46.2,"low":45.7,"close":46.0,"turnover":1722895.2,"shareVolume":37431,"tradeVolume":51,"tradeDate":1747938600000},{"id":92814627687,"securityId":486,"open":46.0,"high":46.3,"low":45.8,"close":46.0,"turnover":2165873.8,"shareVolume":47134,"tradeVolume":50,"tradeDate":1747852200000},{"id":92771514435,"securityId":486,"open":46.3,"high":46.3,"low":46.0,"close":46.0,"turnover":772744.5,"shareVolume":16794,"tradeVolume":26,"tradeDate":1747765800000},{"id":92728795993,"securityId":486,"open":46.0,"high":46.0,"low":45.5,"close":46.0,"turnover":1053929.9,"shareVolume":23046,"tradeVolume":29,"tradeDate":1747679400000},{"id":92685682741,"securityId":486,"open":46.2,"high":46.2,"low":45.5,"close":45.9,"turnover":3171146.0,"shareVolume":69117,"tradeVolume":47,"tradeDate":1747593000000},{"id":92641542983,"securityId":486,"open":45.5,"high":46.2,"low":45.5,"close":46.0,"turnover":9837302.0,"shareVolume":213857,"tradeVolume":81,"tradeDate":1747333800000},{"id":92597008415,"securityId":486,"open":46.0,"high":46.0,"low":45.0,"close":45.6,"turnover":2419647.9,"shareVolume":52927,"tradeVolume":63,"tradeDate":1747247400000},{"id":92553263467,"securityId":486,"open":45.1,"high":46.0,"low":45.1,"close":45.6,"turnover":997746.8,"shareVolume":21878,"tradeVolume":43,"tradeDate":1747161000000},{"id":92508097203,"securityId":486,"open":45.0,"high":46.3,"low":45.0,"close":45.0,"turnover":1409385.0,"shareVolume":31256,"tradeVolume":43,"tradeDate":1746729000000},{"id":92464431217,"securityId":486,"open":45.0,"high":46.3,"low":45.0,"close":45.2,"turnover":1978123.6,"shareVolume":43384,"tradeVolume":65,"tradeDate":1746642600000},{"id":92421396927,"securityId":486,"open":45.2,"high":45.2,"low":45.0,"close":45.0,"turnover":5471713.1,"shareVolume":121387,"tradeVolume":81,"tradeDate":1746556200000},{"id":92378599523,"securityId":486,"open":46.4,"high":46.8,"low":44.4,"close":45.2,"turnover":2026543.5,"shareVolume":44776,"tradeVolume":99,"tradeDate":1746469800000},{"id":92335486271,"securityId":486,"open":44.0,"high":47.5,"low":43.6,"close":46.0,"turnover":1.83189975E7,"shareVolume":398896,"tradeVolume":313,"tradeDate":1746383400000},{"id":92291662361,"securityId":486,"open":42.4,"high":43.6,"low":42.3,"close":43.5,"turnover":6394035.0,"shareVolume":149300,"tradeVolume":130,"tradeDate":1746124200000},{"id":92248470147,"securityId":486,"open":41.9,"high":42.5,"low":41.2,"close":41.7,"turnover":2024676.5,"shareVolume":48773,"tradeVolume":53,"tradeDate":1745951400000},{"id":92205041047,"securityId":486,"open":42.1,"high":43.0,"low":40.1,"close":40.9,"turnover":1.18503176E7,"shareVolume":281119,"tradeVolume":259,"tradeDate":1745865000000},{"id":92161532985,"securityId":486,"open":41.0,"high":41.4,"low":40.2,"close":40.2,"turnover":943227.9,"shareVolume":23024,"tradeVolume":37,"tradeDate":1745778600000},{"id":92118893505,"securityId":486,"open":41.2,"high":41.3,"low":40.1,"close":40.5,"turnover":676205.4,"shareVolume":16769,"tradeVolume":37,"tradeDate":1745519400000},{"id":92076017139,"securityId":486,"open":39.7,"high":41.8,"low":39.7,"close":41.2,"turnover":860977.6,"shareVolume":21342,"tradeVolume":76,"tradeDate":1745433000000},{"id":92034167279,"securityId":486,"open":38.2,"high":39.8,"low":38.0,"close":39.0,"turnover":7104291.7,"shareVolume":182183,"tradeVolume":62,"tradeDate":1745346600000},{"id":91991685723,"securityId":486,"open":37.2,"high":38.9,"low":37.2,"close":38.1,"turnover":1209949.3,"shareVolume":31783,"tradeVolume":41,"tradeDate":1745260200000},{"id":91948493509,"securityId":486,"open":37.6,"high":37.7,"low":37.2,"close":37.7,"turnover":106855.3,"shareVolume":2862,"tradeVolume":9,"tradeDate":1745173800000},{"id":91904906485,"securityId":486,"open":37.5,"high":37.8,"low":37.2,"close":37.6,"turnover":222440.0,"shareVolume":5929,"tradeVolume":17,"tradeDate":1744828200000},{"id":91862424929,"securityId":486,"open":37.0,"high":37.5,"low":36.2,"close":37.5,"turnover":144627.6,"shareVolume":3912,"tradeVolume":11,"tradeDate":1744741800000},{"id":91819153753,"securityId":486,"open":37.3,"high":37.3,"low":36.0,"close":37.0,"turnover":2740954.1,"shareVolume":74359,"tradeVolume":14,"tradeDate":1744309800000},{"id":91776909083,"securityId":486,"open":36.9,"high":37.2,"low":35.5,"close":35.5,"turnover":495733.9,"shareVolume":13490,"tradeVolume":19,"tradeDate":1744223400000},{"id":91734111679,"securityId":486,"open":35.5,"high":36.9,"low":35.0,"close":36.9,"turnover":632979.9,"shareVolume":17799,"tradeVolume":12,"tradeDate":1744137000000},{"id":91691235313,"securityId":486,"open":35.9,"high":37.3,"low":35.0,"close":35.5,"turnover":1307660.0,"shareVolume":36335,"tradeVolume":19,"tradeDate":1744050600000},{"id":91646779707,"securityId":486,"open":35.5,"high":35.9,"low":34.0,"close":34.2,"turnover":2326349.7,"shareVolume":68137,"tradeVolume":49,"tradeDate":1743964200000},{"id":91614326325,"securityId":486,"open":37.0,"high":37.0,"low":36.1,"close":36.6,"turnover":519242.6,"shareVolume":14145,"tradeVolume":29,"tradeDate":1743705000000},{"id":91570897225,"securityId":486,"open":37.1,"high":37.5,"low":36.5,"close":37.0,"turnover":1012748.7,"shareVolume":27346,"tradeVolume":51,"tradeDate":1743618600000},{"id":91527626049,"securityId":486,"open":36.5,"high":37.8,"low":36.5,"close":37.7,"turnover":6724856.0,"shareVolume":181539,"tradeVolume":76,"tradeDate":1743532200000},{"id":91484275911,"securityId":486,"open":34.8,"high":37.0,"low":34.8,"close":36.2,"turnover":1562374.6,"shareVolume":44106,"tradeVolume":21,"tradeDate":1743445800000},{"id":91439820305,"securityId":486,"open":34.3,"high":35.0,"low":34.3,"close":34.3,"turnover":2624.8,"shareVolume":76,"tradeVolume":4,"tradeDate":1743100200000},{"id":91396628091,"securityId":486,"open":34.0,"high":35.0,"low":34.0,"close":34.3,"turnover":117514.3,"shareVolume":3431,"tradeVolume":14,"tradeDate":1743013800000},{"id":91353988611,"securityId":486,"open":34.3,"high":34.3,"low":34.0,"close":34.0,"turnover":357124.9,"shareVolume":10502,"tradeVolume":11,"tradeDate":1742927400000},{"id":91310717435,"securityId":486,"open":34.2,"high":34.3,"low":34.2,"close":34.2,"turnover":42867.6,"shareVolume":1253,"tradeVolume":4,"tradeDate":1742841000000},{"id":91268788613,"securityId":486,"open":34.8,"high":34.8,"low":34.0,"close":34.0,"turnover":710609.1,"shareVolume":20871,"tradeVolume":28,"tradeDate":1742792144000},{"id":91244310393,"securityId":486,"open":34.4,"high":34.9,"low":34.4,"close":34.9,"turnover":669168.6,"shareVolume":19201,"tradeVolume":16,"tradeDate":1742495400000},{"id":91200170635,"securityId":486,"open":34.6,"high":34.6,"low":34.4,"close":34.4,"turnover":32792.3,"shareVolume":952,"tradeVolume":8,"tradeDate":1742409000000},{"id":91155715029,"securityId":486,"open":34.6,"high":34.9,"low":34.4,"close":34.4,"turnover":28287.9,"shareVolume":816,"tradeVolume":8,"tradeDate":1742322600000},{"id":91112601777,"securityId":486,"open":34.8,"high":34.8,"low":34.1,"close":34.1,"turnover":90405.0,"shareVolume":2646,"tradeVolume":10,"tradeDate":1742236200000},{"id":91068540981,"securityId":486,"open":34.1,"high":34.8,"low":34.1,"close":34.6,"turnover":484536.8,"shareVolume":14004,"tradeVolume":5,"tradeDate":1742149800000},{"id":91024874995,"securityId":486,"open":34.1,"high":34.9,"low":34.1,"close":34.9,"turnover":1010365.6,"shareVolume":29000,"tradeVolume":12,"tradeDate":1741890600000},{"id":90980024579,"securityId":486,"open":34.1,"high":34.9,"low":34.0,"close":34.1,"turnover":154432.1,"shareVolume":4529,"tradeVolume":11,"tradeDate":1741717800000},{"id":90936516517,"securityId":486,"open":34.0,"high":34.9,"low":34.0,"close":34.0,"turnover":760148.0,"shareVolume":22341,"tradeVolume":13,"tradeDate":1741631400000},{"id":90892929493,"securityId":486,"open":34.0,"high":34.1,"low":34.0,"close":34.0,"turnover":4219021.0,"shareVolume":124071,"tradeVolume":16,"tradeDate":1741545000000},{"id":90850763785,"securityId":486,"open":34.5,"high":34.5,"low":34.0,"close":34.4,"turnover":1031679.6,"shareVolume":30091,"tradeVolume":29,"tradeDate":1741285800000},{"id":90808677039,"securityId":486,"open":34.4,"high":34.4,"low":34.4,"close":34.4,"turnover":53320.0,"shareVolume":1550,"tradeVolume":5,"tradeDate":1741199400000},{"id":90765247939,"securityId":486,"open":34.1,"high":35.0,"low":34.0,"close":35.0,"turnover":206302.5,"shareVolume":6049,"tradeVolume":18,"tradeDate":1741113000000},{"id":90722055725,"securityId":486,"open":35.0,"high":35.0,"low":34.0,"close":34.0,"turnover":878198.8,"shareVolume":25772,"tradeVolume":23,"tradeDate":1741026600000},{"id":90679021435,"securityId":486,"open":35.0,"high":35.0,"low":35.0,"close":35.0,"turnover":1956430.0,"shareVolume":55898,"tradeVolume":18,"tradeDate":1740940200000},{"id":90636066107,"securityId":486,"open":35.1,"high":35.4,"low":35.0,"close":35.0,"turnover":1369022.9,"shareVolume":39114,"tradeVolume":14,"tradeDate":1740681000000},{"id":90593189741,"securityId":486,"open":35.1,"high":35.4,"low":35.0,"close":35.4,"turnover":63090.9,"shareVolume":1799,"tradeVolume":10,"tradeDate":1740594600000},{"id":90550076489,"securityId":486,"open":35.1,"high":35.5,"low":35.0,"close":35.0,"turnover":1309195.7,"shareVolume":37388,"tradeVolume":16,"tradeDate":1740421800000},{"id":90506252579,"securityId":486,"open":35.0,"high":35.5,"low":34.6,"close":35.0,"turnover":4417680.1,"shareVolume":126565,"tradeVolume":24,"tradeDate":1740335400000},{"id":90439529689,"securityId":486,"open":35.5,"high":35.5,"low":35.0,"close":35.0,"turnover":435200.5,"shareVolume":12411,"tradeVolume":15,"tradeDate":1740076200000},{"id":90392389375,"securityId":486,"open":35.1,"high":36.0,"low":35.0,"close":35.5,"turnover":598015.0,"shareVolume":17027,"tradeVolume":19,"tradeDate":1740025442000},{"id":90373991229,"securityId":486,"open":36.0,"high":36.0,"low":35.1,"close":35.5,"turnover":7180.2,"shareVolume":202,"tradeVolume":6,"tradeDate":1739903400000},{"id":90330167319,"securityId":486,"open":35.2,"high":35.7,"low":34.6,"close":35.4,"turnover":846530.5,"shareVolume":24053,"tradeVolume":34,"tradeDate":1739817000000},{"id":90285711713,"securityId":486,"open":35.5,"high":35.7,"low":35.2,"close":35.5,"turnover":666291.3,"shareVolume":18751,"tradeVolume":22,"tradeDate":1739730600000},{"id":90240861297,"securityId":486,"open":35.4,"high":36.5,"low":35.2,"close":35.7,"turnover":1826658.9,"shareVolume":50966,"tradeVolume":44,"tradeDate":1739471400000},{"id":90174138407,"securityId":486,"open":34.4,"high":35.0,"low":34.4,"close":34.9,"turnover":9162131.5,"shareVolume":262445,"tradeVolume":29,"tradeDate":1739385000000},{"id":90130235535,"securityId":486,"open":34.5,"high":34.8,"low":34.5,"close":34.5,"turnover":428588.8,"shareVolume":12415,"tradeVolume":14,"tradeDate":1739212200000},{"id":90086490587,"securityId":486,"open":34.5,"high":34.8,"low":34.5,"close":34.5,"turnover":1513845.1,"shareVolume":43773,"tradeVolume":31,"tradeDate":1739125800000},{"id":90042350829,"securityId":486,"open":34.5,"high":34.9,"low":34.5,"close":34.5,"turnover":789029.1,"shareVolume":22870,"tradeVolume":6,"tradeDate":1738866600000},{"id":89997658337,"securityId":486,"open":34.5,"high":35.0,"low":33.0,"close":34.7,"turnover":606466.0,"shareVolume":17770,"tradeVolume":24,"tradeDate":1738780200000},{"id":89952413111,"securityId":486,"open":34.9,"high":35.5,"low":34.5,"close":34.5,"turnover":3641354.9,"shareVolume":105511,"tradeVolume":29,"tradeDate":1738693800000},{"id":89907167885,"securityId":486,"open":35.0,"high":35.5,"low":34.5,"close":35.0,"turnover":709922.9,"shareVolume":20496,"tradeVolume":28,"tradeDate":1738521000000},{"id":89861212001,"securityId":486,"open":35.5,"high":35.6,"low":34.7,"close":35.5,"turnover":1861913.8,"shareVolume":52574,"tradeVolume":42,"tradeDate":1738261800000},{"id":89816124699,"securityId":486,"open":35.3,"high":36.5,"low":34.8,"close":35.5,"turnover":1819393.1,"shareVolume":50935,"tradeVolume":48,"tradeDate":1738175400000},{"id":89770879473,"securityId":486,"open":35.8,"high":35.8,"low":35.0,"close":35.3,"turnover":330663.0,"shareVolume":9370,"tradeVolume":22,"tradeDate":1738089000000},{"id":89725792171,"securityId":486,"open":35.9,"high":35.9,"low":34.8,"close":35.8,"turnover":610786.7,"shareVolume":17056,"tradeVolume":16,"tradeDate":1738002600000},{"id":89681020717,"securityId":486,"open":34.4,"high":35.9,"low":34.4,"close":35.9,"turnover":2361254.8,"shareVolume":66273,"tradeVolume":30,"tradeDate":1737916200000},{"id":89635222757,"securityId":486,"open":35.3,"high":35.5,"low":34.9,"close":35.0,"turnover":463077.3,"shareVolume":13171,"tradeVolume":25,"tradeDate":1737657000000},{"id":89590767151,"securityId":486,"open":34.9,"high":35.6,"low":34.5,"close":35.2,"turnover":4053682.9,"shareVolume":115712,"tradeVolume":49,"tradeDate":1737570600000},{"id":89545600887,"securityId":486,"open":34.5,"high":35.6,"low":34.5,"close":34.8,"turnover":315961.4,"shareVolume":9075,"tradeVolume":21,"tradeDate":1737484200000},{"id":89500434623,"securityId":486,"open":34.5,"high":35.6,"low":34.5,"close":35.6,"turnover":107932.0,"shareVolume":3065,"tradeVolume":9,"tradeDate":1737397800000},{"id":89455505245,"securityId":486,"open":35.0,"high":35.6,"low":34.4,"close":35.0,"turnover":1817269.7,"shareVolume":52468,"tradeVolume":37,"tradeDate":1737311400000},{"id":89410733791,"securityId":486,"open":35.0,"high":35.7,"low":35.0,"close":35.0,"turnover":4304172.1,"shareVolume":120789,"tradeVolume":30,"tradeDate":1737052200000},{"id":89365962337,"securityId":486,"open":34.4,"high":35.6,"low":34.4,"close":35.0,"turnover":817763.6,"shareVolume":23401,"tradeVolume":22,"tradeDate":1736965800000},{"id":89321506731,"securityId":486,"open":34.3,"high":35.9,"low":34.3,"close":35.5,"turnover":2081027.1,"shareVolume":58866,"tradeVolume":45,"tradeDate":1736879400000},{"id":89276656315,"securityId":486,"open":34.5,"high":35.2,"low":34.5,"close":35.0,"turnover":1479386.8,"shareVolume":42321,"tradeVolume":34,"tradeDate":1736447400000},{"id":89232042785,"securityId":486,"open":34.6,"high":34.7,"low":34.3,"close":34.6,"turnover":3603461.2,"shareVolume":104451,"tradeVolume":36,"tradeDate":1736361000000},{"id":89187350293,"securityId":486,"open":33.8,"high":34.7,"low":33.8,"close":34.6,"turnover":2541360.7,"shareVolume":73658,"tradeVolume":32,"tradeDate":1736274600000},{"id":89142105067,"securityId":486,"open":34.1,"high":34.5,"low":34.0,"close":34.2,"turnover":6878322.5,"shareVolume":201974,"tradeVolume":68,"tradeDate":1736188200000},{"id":89074355671,"securityId":486,"open":34.3,"high":34.5,"low":34.1,"close":34.3,"turnover":1.51626547E7,"shareVolume":440799,"tradeVolume":91,"tradeDate":1736101800000},{"id":89029031483,"securityId":486,"open":34.8,"high":34.8,"low":34.5,"close":34.5,"turnover":5912505.1,"shareVolume":171294,"tradeVolume":58,"tradeDate":1735842600000},{"id":88982601827,"securityId":486,"open":34.1,"high":34.9,"low":34.1,"close":34.8,"turnover":5432221.5,"shareVolume":156871,"tradeVolume":61,"tradeDate":1735756200000}]}