{"reqDaysOhlc":[{"id":94138346655,"securityId":1595,"open":34.5,"high":36.8,"low":34.5,"close":36.6,"turnover":38789.2,"shareVolume":1097,"tradeVolume":5,"tradeDate":1751394600000},{"id":94093101429,"securityId":1595,"open":36.3,"high":36.3,"low":36.3,"close":36.8,"turnover":254.1,"shareVolume":7,"tradeVolume":1,"tradeDate":1751308200000},{"id":94048329975,"securityId":1595,"open":36.9,"high":36.9,"low":34.4,"close":36.8,"turnover":15217.0,"shareVolume":430,"tradeVolume":8,"tradeDate":1751221800000},{"id":94003953331,"securityId":1595,"open":34.3,"high":36.9,"low":34.3,"close":36.8,"turnover":7146.9,"shareVolume":201,"tradeVolume":3,"tradeDate":1750962600000},{"id":93914015613,"securityId":1595,"open":39.0,"high":39.0,"low":34.5,"close":36.9,"turnover":3802.5,"shareVolume":103,"tradeVolume":3,"tradeDate":1750789800000},{"id":93847055837,"securityId":1595,"open":34.1,"high":37.0,"low":34.1,"close":37.0,"turnover":10690.1,"shareVolume":289,"tradeVolume":3,"tradeDate":1750703400000},{"id":93802837117,"securityId":1595,"open":35.0,"high":36.4,"low":34.0,"close":36.4,"turnover":87729.7,"shareVolume":2501,"tradeVolume":12,"tradeDate":1750617000000},{"id":93714004867,"securityId":1595,"open":35.0,"high":35.0,"low":35.0,"close":36.9,"turnover":1015.0,"shareVolume":29,"tradeVolume":1,"tradeDate":1750271400000},{"id":93668759641,"securityId":1595,"open":36.9,"high":36.9,"low":35.0,"close":36.9,"turnover":14935.0,"shareVolume":405,"tradeVolume":5,"tradeDate":1750185000000},{"id":93623830263,"securityId":1595,"open":37.0,"high":37.0,"low":37.0,"close":36.9,"turnover":444.0,"shareVolume":12,"tradeVolume":2,"tradeDate":1750098600000},{"id":93579216733,"securityId":1595,"open":35.8,"high":36.9,"low":35.8,"close":36.9,"turnover":23265.8,"shareVolume":634,"tradeVolume":5,"tradeDate":1750012200000},{"id":93534208393,"securityId":1595,"open":36.4,"high":36.4,"low":36.4,"close":37.8,"turnover":728.0,"shareVolume":20,"tradeVolume":1,"tradeDate":1749753000000},{"id":93466932769,"securityId":1595,"open":37.5,"high":37.5,"low":37.5,"close":37.8,"turnover":37.5,"shareVolume":1,"tradeVolume":1,"tradeDate":1749666600000},{"id":93422003391,"securityId":1595,"open":36.0,"high":37.9,"low":35.2,"close":37.8,"turnover":10511.0,"shareVolume":279,"tradeVolume":6,"tradeDate":1749580200000},{"id":93376995051,"securityId":1595,"open":35.9,"high":35.9,"low":35.3,"close":35.7,"turnover":2148.3,"shareVolume":60,"tradeVolume":3,"tradeDate":1749407400000},{"id":93331986711,"securityId":1595,"open":34.0,"high":36.0,"low":34.0,"close":35.7,"turnover":3930.2,"shareVolume":110,"tradeVolume":3,"tradeDate":1749148200000},{"id":93287136295,"securityId":1595,"open":33.5,"high":35.9,"low":33.5,"close":35.9,"turnover":373224.3,"shareVolume":10610,"tradeVolume":23,"tradeDate":1749061800000},{"id":93242048993,"securityId":1595,"open":36.0,"high":36.0,"low":35.4,"close":36.9,"turnover":71.4,"shareVolume":2,"tradeVolume":2,"tradeDate":1748975400000},{"id":93197593387,"securityId":1595,"open":32.9,"high":36.9,"low":32.9,"close":36.9,"turnover":50093.0,"shareVolume":1360,"tradeVolume":9,"tradeDate":1748889000000},{"id":93152742971,"securityId":1595,"open":36.5,"high":36.7,"low":32.7,"close":36.7,"turnover":27603.0,"shareVolume":753,"tradeVolume":8,"tradeDate":1748802600000},{"id":93107813593,"securityId":1595,"open":32.6,"high":33.9,"low":32.6,"close":33.9,"turnover":44692.7,"shareVolume":1351,"tradeVolume":4,"tradeDate":1748543400000},{"id":93062805253,"securityId":1595,"open":33.0,"high":33.4,"low":33.0,"close":33.0,"turnover":13233.4,"shareVolume":401,"tradeVolume":3,"tradeDate":1748457000000},{"id":93017717951,"securityId":1595,"open":32.2,"high":33.0,"low":32.2,"close":33.0,"turnover":204084.7,"shareVolume":6209,"tradeVolume":11,"tradeDate":1748370600000},{"id":92951547795,"securityId":1595,"open":33.9,"high":33.9,"low":33.0,"close":33.7,"turnover":56700.0,"shareVolume":1683,"tradeVolume":9,"tradeDate":1748284200000},{"id":92907565961,"securityId":1595,"open":33.9,"high":33.9,"low":33.9,"close":32.9,"turnover":33.9,"shareVolume":1,"tradeVolume":1,"tradeDate":1748197800000},{"id":92646912399,"securityId":1595,"open":32.9,"high":32.9,"low":32.9,"close":32.9,"turnover":8225.0,"shareVolume":250,"tradeVolume":2,"tradeDate":1747333800000},{"id":92602219907,"securityId":1595,"open":32.4,"high":32.5,"low":32.4,"close":32.5,"turnover":121528.8,"shareVolume":3741,"tradeVolume":2,"tradeDate":1747247400000},{"id":92513308695,"securityId":1595,"open":32.0,"high":32.1,"low":32.0,"close":32.1,"turnover":32868.0,"shareVolume":1024,"tradeVolume":3,"tradeDate":1746729000000},{"id":92469642709,"securityId":1595,"open":33.0,"high":33.0,"low":33.0,"close":32.9,"turnover":660.0,"shareVolume":20,"tradeVolume":1,"tradeDate":1746642600000},{"id":92426608419,"securityId":1595,"open":32.6,"high":33.0,"low":32.6,"close":32.9,"turnover":13281.6,"shareVolume":404,"tradeVolume":3,"tradeDate":1746556200000},{"id":92383495167,"securityId":1595,"open":32.2,"high":32.2,"low":32.2,"close":32.2,"turnover":47108.6,"shareVolume":1463,"tradeVolume":4,"tradeDate":1746469800000},{"id":92340618801,"securityId":1595,"open":32.6,"high":32.6,"low":32.2,"close":32.2,"turnover":14610.0,"shareVolume":450,"tradeVolume":4,"tradeDate":1746383400000},{"id":92296715929,"securityId":1595,"open":32.9,"high":32.9,"low":32.9,"close":32.9,"turnover":1974.0,"shareVolume":60,"tradeVolume":2,"tradeDate":1746124200000},{"id":92210094615,"securityId":1595,"open":32.9,"high":32.9,"low":32.6,"close":32.9,"turnover":31688.5,"shareVolume":965,"tradeVolume":5,"tradeDate":1745865000000},{"id":92166665515,"securityId":1595,"open":32.0,"high":33.0,"low":32.0,"close":32.8,"turnover":27265.0,"shareVolume":835,"tradeVolume":11,"tradeDate":1745778600000},{"id":92039299809,"securityId":1595,"open":34.4,"high":34.4,"low":31.3,"close":34.4,"turnover":8801.3,"shareVolume":256,"tradeVolume":5,"tradeDate":1745346600000},{"id":91996818253,"securityId":1595,"open":33.9,"high":34.0,"low":33.8,"close":32.4,"turnover":2171.8,"shareVolume":64,"tradeVolume":4,"tradeDate":1745260200000},{"id":91953705001,"securityId":1595,"open":32.4,"high":32.4,"low":32.4,"close":32.4,"turnover":1004.4,"shareVolume":31,"tradeVolume":1,"tradeDate":1745173800000},{"id":91910039015,"securityId":1595,"open":31.2,"high":31.2,"low":31.2,"close":32.4,"turnover":31.2,"shareVolume":1,"tradeVolume":1,"tradeDate":1744828200000},{"id":91867478497,"securityId":1595,"open":32.4,"high":32.4,"low":32.4,"close":32.4,"turnover":972.0,"shareVolume":30,"tradeVolume":1,"tradeDate":1744741800000},{"id":91781883689,"securityId":1595,"open":32.4,"high":32.4,"low":32.4,"close":32.4,"turnover":162.0,"shareVolume":5,"tradeVolume":1,"tradeDate":1744223400000},{"id":91739086285,"securityId":1595,"open":32.4,"high":32.4,"low":32.4,"close":32.4,"turnover":16200.0,"shareVolume":500,"tradeVolume":3,"tradeDate":1744137000000},{"id":91696446805,"securityId":1595,"open":32.8,"high":32.8,"low":30.5,"close":31.4,"turnover":213254.4,"shareVolume":6826,"tradeVolume":13,"tradeDate":1744050600000},{"id":91651991199,"securityId":1595,"open":31.3,"high":32.9,"low":30.5,"close":32.0,"turnover":142358.0,"shareVolume":4584,"tradeVolume":15,"tradeDate":1743964200000},{"id":91619379893,"securityId":1595,"open":33.4,"high":33.4,"low":31.6,"close":31.6,"turnover":42147.0,"shareVolume":1332,"tradeVolume":12,"tradeDate":1743705000000},{"id":91575871831,"securityId":1595,"open":32.0,"high":33.4,"low":31.8,"close":32.8,"turnover":29483.7,"shareVolume":903,"tradeVolume":10,"tradeDate":1743618600000},{"id":91532916503,"securityId":1595,"open":32.1,"high":33.5,"low":32.0,"close":32.0,"turnover":51058.4,"shareVolume":1591,"tradeVolume":14,"tradeDate":1743532200000},{"id":91489645327,"securityId":1595,"open":32.0,"high":33.5,"low":31.9,"close":33.0,"turnover":56037.0,"shareVolume":1702,"tradeVolume":9,"tradeDate":1743445800000},{"id":91445189721,"securityId":1595,"open":32.2,"high":33.8,"low":32.0,"close":32.3,"turnover":37249.2,"shareVolume":1162,"tradeVolume":10,"tradeDate":1743100200000},{"id":91401760621,"securityId":1595,"open":32.3,"high":34.0,"low":32.3,"close":33.9,"turnover":54862.0,"shareVolume":1620,"tradeVolume":7,"tradeDate":1743013800000},{"id":91316007889,"securityId":1595,"open":34.4,"high":34.4,"low":32.3,"close":35.1,"turnover":855.8,"shareVolume":25,"tradeVolume":5,"tradeDate":1742841000000},{"id":91269894081,"securityId":1595,"open":34.0,"high":34.0,"low":34.0,"close":35.1,"turnover":1598.0,"shareVolume":47,"tradeVolume":5,"tradeDate":1742788805000},{"id":91249521885,"securityId":1595,"open":31.7,"high":32.0,"low":31.7,"close":35.1,"turnover":477.0,"shareVolume":15,"tradeVolume":2,"tradeDate":1742495400000},{"id":91160847559,"securityId":1595,"open":34.0,"high":34.0,"low":34.0,"close":35.1,"turnover":102.0,"shareVolume":3,"tradeVolume":2,"tradeDate":1742322600000},{"id":91117813269,"securityId":1595,"open":33.1,"high":33.1,"low":33.1,"close":35.1,"turnover":364.1,"shareVolume":11,"tradeVolume":1,"tradeDate":1742236200000},{"id":91030165449,"securityId":1595,"open":33.0,"high":35.3,"low":33.0,"close":35.1,"turnover":358390.3,"shareVolume":10600,"tradeVolume":36,"tradeDate":1741890600000},{"id":90813730607,"securityId":1595,"open":36.4,"high":36.5,"low":36.4,"close":36.5,"turnover":12766.4,"shareVolume":350,"tradeVolume":3,"tradeDate":1741199400000},{"id":90770459431,"securityId":1595,"open":32.1,"high":35.9,"low":32.1,"close":35.9,"turnover":128667.0,"shareVolume":3710,"tradeVolume":8,"tradeDate":1741113000000},{"id":90727188255,"securityId":1595,"open":37.1,"high":37.1,"low":36.0,"close":36.1,"turnover":73.1,"shareVolume":2,"tradeVolume":2,"tradeDate":1741026600000},{"id":90641119675,"securityId":1595,"open":36.4,"high":36.4,"low":33.0,"close":36.1,"turnover":18692.3,"shareVolume":531,"tradeVolume":10,"tradeDate":1740681000000},{"id":90598401233,"securityId":1595,"open":34.0,"high":36.0,"low":34.0,"close":35.7,"turnover":94346.8,"shareVolume":2646,"tradeVolume":6,"tradeDate":1740594600000},{"id":90555287981,"securityId":1595,"open":36.5,"high":36.5,"low":36.5,"close":36.7,"turnover":365.0,"shareVolume":10,"tradeVolume":1,"tradeDate":1740421800000},{"id":90511464071,"securityId":1595,"open":37.2,"high":37.2,"low":36.7,"close":36.7,"turnover":13251.2,"shareVolume":361,"tradeVolume":10,"tradeDate":1740335400000},{"id":90291002167,"securityId":1595,"open":32.2,"high":32.2,"low":32.2,"close":35.0,"turnover":1610.0,"shareVolume":50,"tradeVolume":1,"tradeDate":1739730600000},{"id":90179349899,"securityId":1595,"open":35.0,"high":35.0,"low":35.0,"close":35.0,"turnover":7000.0,"shareVolume":200,"tradeVolume":2,"tradeDate":1739385000000},{"id":90091623117,"securityId":1595,"open":35.0,"high":35.0,"low":35.0,"close":35.0,"turnover":7000.0,"shareVolume":200,"tradeVolume":2,"tradeDate":1739125800000},{"id":90047562321,"securityId":1595,"open":37.1,"high":37.1,"low":37.1,"close":37.1,"turnover":9275.0,"shareVolume":250,"tradeVolume":3,"tradeDate":1738866600000},{"id":90002869829,"securityId":1595,"open":34.4,"high":36.0,"low":34.4,"close":36.0,"turnover":104950.0,"shareVolume":2920,"tradeVolume":4,"tradeDate":1738780200000},{"id":89866423493,"securityId":1595,"open":34.2,"high":36.3,"low":34.2,"close":35.9,"turnover":91415.5,"shareVolume":2599,"tradeVolume":6,"tradeDate":1738261800000},{"id":89821494115,"securityId":1595,"open":35.0,"high":36.5,"low":35.0,"close":36.4,"turnover":95838.5,"shareVolume":2709,"tradeVolume":4,"tradeDate":1738175400000},{"id":89776169927,"securityId":1595,"open":35.0,"high":36.5,"low":35.0,"close":36.2,"turnover":358191.5,"shareVolume":10226,"tradeVolume":10,"tradeDate":1738089000000},{"id":89596136567,"securityId":1595,"open":35.1,"high":36.0,"low":35.1,"close":36.0,"turnover":35550.0,"shareVolume":1000,"tradeVolume":6,"tradeDate":1737570600000},{"id":89550812379,"securityId":1595,"open":36.0,"high":36.0,"low":34.5,"close":36.0,"turnover":25344.6,"shareVolume":719,"tradeVolume":8,"tradeDate":1737484200000},{"id":89505804039,"securityId":1595,"open":35.5,"high":36.0,"low":35.5,"close":35.5,"turnover":39136.0,"shareVolume":1101,"tradeVolume":5,"tradeDate":1737397800000},{"id":89460716737,"securityId":1595,"open":36.0,"high":36.0,"low":36.0,"close":36.0,"turnover":3600.0,"shareVolume":100,"tradeVolume":1,"tradeDate":1737311400000},{"id":89415945283,"securityId":1595,"open":34.5,"high":36.9,"low":34.5,"close":35.1,"turnover":79144.6,"shareVolume":2239,"tradeVolume":9,"tradeDate":1737052200000},{"id":89371252791,"securityId":1595,"open":36.0,"high":36.0,"low":34.7,"close":37.4,"turnover":2122.7,"shareVolume":59,"tradeVolume":2,"tradeDate":1736965800000},{"id":89326639261,"securityId":1595,"open":35.2,"high":37.4,"low":35.2,"close":37.4,"turnover":23964.2,"shareVolume":641,"tradeVolume":9,"tradeDate":1736879400000},{"id":89192561785,"securityId":1595,"open":35.2,"high":35.2,"low":35.2,"close":35.2,"turnover":14115.2,"shareVolume":401,"tradeVolume":1,"tradeDate":1736274600000},{"id":89147474483,"securityId":1595,"open":35.0,"high":35.2,"low":35.0,"close":35.0,"turnover":126084.8,"shareVolume":3599,"tradeVolume":2,"tradeDate":1736188200000},{"id":89079646125,"securityId":1595,"open":35.2,"high":35.2,"low":35.2,"close":35.2,"turnover":52800.0,"shareVolume":1500,"tradeVolume":1,"tradeDate":1736101800000},{"id":89034400899,"securityId":1595,"open":35.3,"high":36.8,"low":34.0,"close":36.0,"turnover":308231.4,"shareVolume":8848,"tradeVolume":16,"tradeDate":1735842600000},{"id":88987971243,"securityId":1595,"open":34.0,"high":35.4,"low":34.0,"close":35.4,"turnover":11394.0,"shareVolume":324,"tradeVolume":5,"tradeDate":1735756200000}]}