{"reqDaysOhlc":[{"id":94138267693,"securityId":439,"open":58.5,"high":61.0,"low":58.5,"close":61.0,"turnover":36443.2,"shareVolume":600,"tradeVolume":7,"tradeDate":1751394600000},{"id":94093022467,"securityId":439,"open":58.0,"high":60.5,"low":56.0,"close":58.1,"turnover":868244.7,"shareVolume":14994,"tradeVolume":97,"tradeDate":1751308200000},{"id":94003874369,"securityId":439,"open":60.2,"high":60.5,"low":60.2,"close":60.5,"turnover":30249.4,"shareVolume":500,"tradeVolume":2,"tradeDate":1750962600000},{"id":93959102915,"securityId":439,"open":60.0,"high":60.0,"low":60.0,"close":60.0,"turnover":12120.0,"shareVolume":202,"tradeVolume":2,"tradeDate":1750876200000},{"id":93913936651,"securityId":439,"open":61.9,"high":61.9,"low":61.8,"close":61.9,"turnover":20424.1,"shareVolume":330,"tradeVolume":11,"tradeDate":1750789800000},{"id":93846976875,"securityId":439,"open":57.2,"high":62.0,"low":57.2,"close":61.6,"turnover":497331.3,"shareVolume":8242,"tradeVolume":29,"tradeDate":1750703400000},{"id":93623751301,"securityId":439,"open":60.0,"high":60.0,"low":60.0,"close":62.0,"turnover":4920.0,"shareVolume":82,"tradeVolume":3,"tradeDate":1750098600000},{"id":93579137771,"securityId":439,"open":58.8,"high":62.0,"low":55.0,"close":62.0,"turnover":104837.0,"shareVolume":1802,"tradeVolume":13,"tradeDate":1750012200000},{"id":93421924429,"securityId":439,"open":62.0,"high":62.0,"low":62.0,"close":62.0,"turnover":31000.0,"shareVolume":500,"tradeVolume":2,"tradeDate":1749580200000},{"id":93376916089,"securityId":439,"open":61.5,"high":61.5,"low":58.1,"close":61.0,"turnover":254514.9,"shareVolume":4225,"tradeVolume":13,"tradeDate":1749407400000},{"id":93331907749,"securityId":439,"open":61.8,"high":61.8,"low":61.5,"close":62.4,"turnover":4002.0,"shareVolume":65,"tradeVolume":3,"tradeDate":1749148200000},{"id":93287057333,"securityId":439,"open":61.0,"high":62.5,"low":61.0,"close":62.4,"turnover":387520.7,"shareVolume":6239,"tradeVolume":8,"tradeDate":1749061800000},{"id":93241970031,"securityId":439,"open":61.9,"high":61.9,"low":58.1,"close":61.8,"turnover":211031.4,"shareVolume":3536,"tradeVolume":17,"tradeDate":1748975400000},{"id":93197514425,"securityId":439,"open":59.3,"high":60.0,"low":59.3,"close":60.0,"turnover":23149.3,"shareVolume":387,"tradeVolume":7,"tradeDate":1748889000000},{"id":93152664009,"securityId":439,"open":62.0,"high":62.0,"low":60.4,"close":61.9,"turnover":117760.4,"shareVolume":1901,"tradeVolume":5,"tradeDate":1748802600000},{"id":93107734631,"securityId":439,"open":63.5,"high":63.5,"low":60.0,"close":62.0,"turnover":14365.0,"shareVolume":231,"tradeVolume":3,"tradeDate":1748543400000},{"id":93062726291,"securityId":439,"open":58.1,"high":58.1,"low":58.1,"close":63.0,"turnover":2905.0,"shareVolume":50,"tradeVolume":2,"tradeDate":1748457000000},{"id":93017638989,"securityId":439,"open":58.7,"high":63.0,"low":58.5,"close":63.0,"turnover":343825.5,"shareVolume":5745,"tradeVolume":18,"tradeDate":1748370600000},{"id":92951468833,"securityId":439,"open":61.0,"high":61.0,"low":59.0,"close":59.9,"turnover":261173.4,"shareVolume":4366,"tradeVolume":8,"tradeDate":1748284200000},{"id":92907486999,"securityId":439,"open":60.9,"high":60.9,"low":59.1,"close":59.1,"turnover":34960.8,"shareVolume":589,"tradeVolume":10,"tradeDate":1748197800000},{"id":92819839179,"securityId":439,"open":57.3,"high":60.9,"low":57.3,"close":60.9,"turnover":73219.5,"shareVolume":1215,"tradeVolume":6,"tradeDate":1747852200000},{"id":92690973195,"securityId":439,"open":57.7,"high":62.0,"low":57.0,"close":62.0,"turnover":115847.1,"shareVolume":1950,"tradeVolume":20,"tradeDate":1747593000000},{"id":92646833437,"securityId":439,"open":57.4,"high":61.0,"low":57.4,"close":61.0,"turnover":61056.0,"shareVolume":1001,"tradeVolume":5,"tradeDate":1747333800000},{"id":92602140945,"securityId":439,"open":57.4,"high":57.4,"low":57.4,"close":60.6,"turnover":1090.6,"shareVolume":19,"tradeVolume":4,"tradeDate":1747247400000},{"id":92558238073,"securityId":439,"open":60.0,"high":61.0,"low":60.0,"close":60.6,"turnover":30321.0,"shareVolume":500,"tradeVolume":5,"tradeDate":1747161000000},{"id":92513229733,"securityId":439,"open":60.0,"high":60.0,"low":60.0,"close":60.0,"turnover":900.0,"shareVolume":15,"tradeVolume":1,"tradeDate":1746729000000},{"id":92469563747,"securityId":439,"open":59.9,"high":60.0,"low":59.9,"close":60.0,"turnover":3475.0,"shareVolume":58,"tradeVolume":2,"tradeDate":1746642600000},{"id":92426529457,"securityId":439,"open":58.0,"high":60.0,"low":58.0,"close":60.0,"turnover":64828.0,"shareVolume":1082,"tradeVolume":6,"tradeDate":1746556200000},{"id":92383416205,"securityId":439,"open":57.9,"high":58.1,"low":57.8,"close":58.0,"turnover":8694.0,"shareVolume":150,"tradeVolume":5,"tradeDate":1746469800000},{"id":92253365791,"securityId":439,"open":61.9,"high":63.4,"low":61.9,"close":61.9,"turnover":4905.1,"shareVolume":79,"tradeVolume":3,"tradeDate":1745951400000},{"id":92210015653,"securityId":439,"open":56.9,"high":61.9,"low":56.9,"close":61.9,"turnover":61956.9,"shareVolume":1001,"tradeVolume":9,"tradeDate":1745865000000},{"id":92166586553,"securityId":439,"open":55.5,"high":58.8,"low":55.5,"close":58.8,"turnover":51889.9,"shareVolume":894,"tradeVolume":14,"tradeDate":1745778600000},{"id":92039220847,"securityId":439,"open":55.5,"high":58.6,"low":55.0,"close":58.3,"turnover":137114.5,"shareVolume":2433,"tradeVolume":19,"tradeDate":1745346600000},{"id":91996739291,"securityId":439,"open":58.0,"high":58.0,"low":58.0,"close":58.7,"turnover":58.0,"shareVolume":1,"tradeVolume":1,"tradeDate":1745260200000},{"id":91953626039,"securityId":439,"open":55.6,"high":58.8,"low":55.1,"close":58.7,"turnover":310445.3,"shareVolume":5501,"tradeVolume":25,"tradeDate":1745173800000},{"id":91909960053,"securityId":439,"open":58.8,"high":58.8,"low":58.8,"close":58.8,"turnover":58.8,"shareVolume":1,"tradeVolume":1,"tradeDate":1744828200000},{"id":91867399535,"securityId":439,"open":58.7,"high":58.8,"low":58.7,"close":58.8,"turnover":14699.0,"shareVolume":250,"tradeVolume":6,"tradeDate":1744741800000},{"id":91823970435,"securityId":439,"open":52.1,"high":52.1,"low":52.1,"close":52.1,"turnover":5991.5,"shareVolume":115,"tradeVolume":2,"tradeDate":1744309800000},{"id":91696367843,"securityId":439,"open":58.8,"high":58.8,"low":58.8,"close":58.8,"turnover":352800.0,"shareVolume":6000,"tradeVolume":6,"tradeDate":1744050600000},{"id":91651912237,"securityId":439,"open":58.7,"high":58.9,"low":58.7,"close":58.8,"turnover":58806.0,"shareVolume":1000,"tradeVolume":10,"tradeDate":1743964200000},{"id":91619300931,"securityId":439,"open":57.9,"high":58.8,"low":55.6,"close":58.6,"turnover":19194.2,"shareVolume":328,"tradeVolume":8,"tradeDate":1743705000000},{"id":91532837541,"securityId":439,"open":58.0,"high":58.0,"low":58.0,"close":58.0,"turnover":58696.0,"shareVolume":1012,"tradeVolume":4,"tradeDate":1743532200000},{"id":91489566365,"securityId":439,"open":55.3,"high":58.0,"low":55.1,"close":58.0,"turnover":37404.0,"shareVolume":650,"tradeVolume":8,"tradeDate":1743445800000},{"id":91445110759,"securityId":439,"open":58.4,"high":58.5,"low":58.4,"close":58.5,"turnover":59084.0,"shareVolume":1010,"tradeVolume":2,"tradeDate":1743100200000},{"id":91401681659,"securityId":439,"open":58.5,"high":58.5,"low":58.5,"close":57.9,"turnover":1287.0,"shareVolume":22,"tradeVolume":1,"tradeDate":1743013800000},{"id":91359042179,"securityId":439,"open":55.3,"high":58.8,"low":55.0,"close":57.9,"turnover":619487.7,"shareVolume":11194,"tradeVolume":21,"tradeDate":1742927400000},{"id":91315928927,"securityId":439,"open":55.0,"high":59.0,"low":55.0,"close":58.9,"turnover":172677.4,"shareVolume":3000,"tradeVolume":17,"tradeDate":1742841000000},{"id":91249442923,"securityId":439,"open":57.9,"high":57.9,"low":54.3,"close":57.8,"turnover":30036.0,"shareVolume":520,"tradeVolume":4,"tradeDate":1742495400000},{"id":91205145241,"securityId":439,"open":55.0,"high":59.4,"low":55.0,"close":55.1,"turnover":689930.0,"shareVolume":12502,"tradeVolume":25,"tradeDate":1742409000000},{"id":91160768597,"securityId":439,"open":58.9,"high":58.9,"low":55.0,"close":55.4,"turnover":132514.9,"shareVolume":2391,"tradeVolume":19,"tradeDate":1742322600000},{"id":91117734307,"securityId":439,"open":57.5,"high":59.8,"low":55.6,"close":59.6,"turnover":89760.1,"shareVolume":1551,"tradeVolume":12,"tradeDate":1742236200000},{"id":91073673511,"securityId":439,"open":55.4,"high":56.1,"low":55.4,"close":56.1,"turnover":8380.0,"shareVolume":150,"tradeVolume":2,"tradeDate":1742149800000},{"id":91030086487,"securityId":439,"open":55.5,"high":60.0,"low":55.5,"close":59.9,"turnover":18030.3,"shareVolume":301,"tradeVolume":5,"tradeDate":1741890600000},{"id":90985157109,"securityId":439,"open":59.3,"high":59.5,"low":59.3,"close":59.5,"turnover":132715.1,"shareVolume":2232,"tradeVolume":11,"tradeDate":1741717800000},{"id":90941728009,"securityId":439,"open":56.2,"high":56.2,"low":56.2,"close":59.4,"turnover":3372.0,"shareVolume":60,"tradeVolume":2,"tradeDate":1741631400000},{"id":90898062023,"securityId":439,"open":59.4,"high":59.4,"low":59.4,"close":59.4,"turnover":13424.4,"shareVolume":226,"tradeVolume":3,"tradeDate":1741545000000},{"id":90855896315,"securityId":439,"open":56.4,"high":56.4,"low":56.4,"close":58.5,"turnover":56.4,"shareVolume":1,"tradeVolume":1,"tradeDate":1741285800000},{"id":90813651645,"securityId":439,"open":58.9,"high":58.9,"low":56.3,"close":58.5,"turnover":27838.8,"shareVolume":476,"tradeVolume":3,"tradeDate":1741199400000},{"id":90770380469,"securityId":439,"open":57.7,"high":58.0,"low":57.0,"close":57.9,"turnover":38719.5,"shareVolume":670,"tradeVolume":9,"tradeDate":1741113000000},{"id":90727109293,"securityId":439,"open":57.8,"high":57.8,"low":56.0,"close":57.7,"turnover":123661.6,"shareVolume":2193,"tradeVolume":7,"tradeDate":1741026600000},{"id":90683917079,"securityId":439,"open":56.1,"high":57.8,"low":56.0,"close":56.1,"turnover":35641.5,"shareVolume":636,"tradeVolume":12,"tradeDate":1740940200000},{"id":90641040713,"securityId":439,"open":57.0,"high":57.0,"low":56.0,"close":56.7,"turnover":294775.7,"shareVolume":5198,"tradeVolume":10,"tradeDate":1740681000000},{"id":90598322271,"securityId":439,"open":56.0,"high":57.0,"low":56.0,"close":57.0,"turnover":31320.0,"shareVolume":550,"tradeVolume":5,"tradeDate":1740594600000},{"id":90555209019,"securityId":439,"open":57.1,"high":57.1,"low":56.0,"close":56.1,"turnover":210583.5,"shareVolume":3756,"tradeVolume":14,"tradeDate":1740421800000},{"id":90511385109,"securityId":439,"open":57.0,"high":57.1,"low":56.0,"close":56.7,"turnover":56939.0,"shareVolume":1004,"tradeVolume":9,"tradeDate":1740335400000},{"id":90444583257,"securityId":439,"open":57.6,"high":57.6,"low":57.0,"close":57.1,"turnover":89741.2,"shareVolume":1572,"tradeVolume":11,"tradeDate":1740076200000},{"id":90393968615,"securityId":439,"open":56.0,"high":62.2,"low":56.0,"close":59.8,"turnover":702984.0,"shareVolume":12224,"tradeVolume":17,"tradeDate":1740024246000},{"id":90379123759,"securityId":439,"open":55.4,"high":61.8,"low":55.4,"close":60.9,"turnover":63271.8,"shareVolume":1041,"tradeVolume":6,"tradeDate":1739903400000},{"id":90335378811,"securityId":439,"open":60.0,"high":60.0,"low":59.2,"close":60.0,"turnover":181038.4,"shareVolume":3024,"tradeVolume":5,"tradeDate":1739817000000},{"id":90290923205,"securityId":439,"open":59.1,"high":60.0,"low":59.0,"close":60.0,"turnover":65405.8,"shareVolume":1095,"tradeVolume":20,"tradeDate":1739730600000},{"id":90246151751,"securityId":439,"open":60.0,"high":62.7,"low":59.9,"close":60.0,"turnover":128618.1,"shareVolume":2113,"tradeVolume":17,"tradeDate":1739471400000},{"id":90179270937,"securityId":439,"open":62.7,"high":62.7,"low":62.7,"close":62.7,"turnover":32353.2,"shareVolume":516,"tradeVolume":8,"tradeDate":1739385000000},{"id":90135289103,"securityId":439,"open":59.5,"high":59.5,"low":59.0,"close":59.2,"turnover":54855.5,"shareVolume":927,"tradeVolume":10,"tradeDate":1739212200000},{"id":90047483359,"securityId":439,"open":62.9,"high":62.9,"low":62.9,"close":63.0,"turnover":1258.0,"shareVolume":20,"tradeVolume":1,"tradeDate":1738866600000},{"id":89957703565,"securityId":439,"open":60.3,"high":63.0,"low":60.0,"close":63.0,"turnover":116561.1,"shareVolume":1917,"tradeVolume":11,"tradeDate":1738693800000},{"id":89912458339,"securityId":439,"open":63.3,"high":63.4,"low":60.7,"close":63.1,"turnover":234471.7,"shareVolume":3705,"tradeVolume":9,"tradeDate":1738521000000},{"id":89866344531,"securityId":439,"open":60.0,"high":63.9,"low":60.0,"close":63.5,"turnover":76177.5,"shareVolume":1206,"tradeVolume":8,"tradeDate":1738261800000},{"id":89821415153,"securityId":439,"open":62.5,"high":64.0,"low":60.2,"close":63.1,"turnover":1234902.3,"shareVolume":19579,"tradeVolume":17,"tradeDate":1738175400000},{"id":89776090965,"securityId":439,"open":62.0,"high":64.1,"low":60.3,"close":60.9,"turnover":1643790.1,"shareVolume":25853,"tradeVolume":29,"tradeDate":1738089000000},{"id":89731082625,"securityId":439,"open":59.5,"high":62.6,"low":59.5,"close":62.0,"turnover":535557.0,"shareVolume":8770,"tradeVolume":14,"tradeDate":1738002600000},{"id":89640355287,"securityId":439,"open":59.5,"high":61.9,"low":59.5,"close":61.9,"turnover":15722.5,"shareVolume":255,"tradeVolume":6,"tradeDate":1737657000000},{"id":89596057605,"securityId":439,"open":60.5,"high":61.0,"low":60.0,"close":60.5,"turnover":537362.0,"shareVolume":8914,"tradeVolume":20,"tradeDate":1737570600000},{"id":89550733417,"securityId":439,"open":60.7,"high":62.0,"low":60.7,"close":60.8,"turnover":45960.4,"shareVolume":751,"tradeVolume":5,"tradeDate":1737484200000},{"id":89505725077,"securityId":439,"open":62.5,"high":62.5,"low":60.3,"close":60.5,"turnover":50522.8,"shareVolume":834,"tradeVolume":7,"tradeDate":1737397800000},{"id":89460637775,"securityId":439,"open":60.2,"high":63.0,"low":60.2,"close":62.4,"turnover":271634.0,"shareVolume":4376,"tradeVolume":14,"tradeDate":1737311400000},{"id":89415866321,"securityId":439,"open":59.7,"high":63.0,"low":59.7,"close":62.1,"turnover":234561.6,"shareVolume":3799,"tradeVolume":38,"tradeDate":1737052200000},{"id":89371173829,"securityId":439,"open":59.5,"high":62.0,"low":59.5,"close":61.5,"turnover":50546.5,"shareVolume":822,"tradeVolume":7,"tradeDate":1736965800000},{"id":89326560299,"securityId":439,"open":62.0,"high":62.0,"low":62.0,"close":62.2,"turnover":1054.0,"shareVolume":17,"tradeVolume":3,"tradeDate":1736879400000},{"id":89281709883,"securityId":439,"open":60.1,"high":60.1,"low":60.1,"close":62.2,"turnover":120.2,"shareVolume":2,"tradeVolume":1,"tradeDate":1736447400000},{"id":89237175315,"securityId":439,"open":60.4,"high":62.5,"low":59.0,"close":62.2,"turnover":661890.3,"shareVolume":10800,"tradeVolume":39,"tradeDate":1736361000000},{"id":89192482823,"securityId":439,"open":59.3,"high":60.0,"low":59.2,"close":59.2,"turnover":192190.0,"shareVolume":3246,"tradeVolume":14,"tradeDate":1736274600000},{"id":89147395521,"securityId":439,"open":59.3,"high":59.3,"low":59.3,"close":62.3,"turnover":59.3,"shareVolume":1,"tradeVolume":1,"tradeDate":1736188200000},{"id":89079567163,"securityId":439,"open":58.7,"high":62.4,"low":58.7,"close":62.3,"turnover":175082.3,"shareVolume":2910,"tradeVolume":20,"tradeDate":1736101800000},{"id":89034321937,"securityId":439,"open":62.9,"high":62.9,"low":60.0,"close":62.2,"turnover":114531.6,"shareVolume":1837,"tradeVolume":14,"tradeDate":1735842600000},{"id":88987892281,"securityId":439,"open":62.0,"high":63.0,"low":60.4,"close":62.9,"turnover":73707.1,"shareVolume":1191,"tradeVolume":17,"tradeDate":1735756200000}]}