{"reqDaysOhlc":[{"id":94138504579,"securityId":388,"open":84.9,"high":85.0,"low":82.0,"close":84.4,"turnover":564813.2,"shareVolume":6764,"tradeVolume":34,"tradeDate":1751394600000},{"id":94093259353,"securityId":388,"open":85.1,"high":85.1,"low":83.0,"close":84.9,"turnover":519695.6,"shareVolume":6115,"tradeVolume":19,"tradeDate":1751308200000},{"id":94048487899,"securityId":388,"open":85.5,"high":87.8,"low":83.0,"close":83.1,"turnover":163163.2,"shareVolume":1933,"tradeVolume":15,"tradeDate":1751221800000},{"id":94004111255,"securityId":388,"open":82.4,"high":85.0,"low":82.4,"close":84.3,"turnover":879069.1,"shareVolume":10370,"tradeVolume":10,"tradeDate":1750962600000},{"id":93959260839,"securityId":388,"open":82.4,"high":84.0,"low":82.1,"close":82.6,"turnover":142271.5,"shareVolume":1705,"tradeVolume":13,"tradeDate":1750876200000},{"id":93914173537,"securityId":388,"open":80.3,"high":83.9,"low":80.2,"close":83.9,"turnover":8688941.4,"shareVolume":107311,"tradeVolume":29,"tradeDate":1750789800000},{"id":93847213761,"securityId":388,"open":84.0,"high":84.0,"low":81.5,"close":82.6,"turnover":728696.9,"shareVolume":8804,"tradeVolume":15,"tradeDate":1750703400000},{"id":93802995041,"securityId":388,"open":80.3,"high":82.5,"low":79.9,"close":80.6,"turnover":317144.5,"shareVolume":3941,"tradeVolume":10,"tradeDate":1750617000000},{"id":93758855283,"securityId":388,"open":82.0,"high":84.0,"low":82.0,"close":84.0,"turnover":2480889.9,"shareVolume":29896,"tradeVolume":12,"tradeDate":1750357800000},{"id":93714162791,"securityId":388,"open":83.0,"high":83.0,"low":80.5,"close":80.6,"turnover":1229495.9,"shareVolume":15068,"tradeVolume":34,"tradeDate":1750271400000},{"id":93668917565,"securityId":388,"open":85.9,"high":85.9,"low":82.0,"close":82.1,"turnover":582359.8,"shareVolume":7093,"tradeVolume":18,"tradeDate":1750185000000},{"id":93623988187,"securityId":388,"open":88.0,"high":88.0,"low":82.0,"close":82.8,"turnover":132440.8,"shareVolume":1536,"tradeVolume":11,"tradeDate":1750098600000},{"id":93579374657,"securityId":388,"open":83.5,"high":84.0,"low":80.6,"close":82.5,"turnover":5039418.8,"shareVolume":61070,"tradeVolume":47,"tradeDate":1750012200000},{"id":93534366317,"securityId":388,"open":87.0,"high":87.5,"low":85.3,"close":85.5,"turnover":2451888.6,"shareVolume":28593,"tradeVolume":16,"tradeDate":1749753000000},{"id":93467090693,"securityId":388,"open":86.7,"high":89.0,"low":86.7,"close":88.0,"turnover":96533.5,"shareVolume":1098,"tradeVolume":10,"tradeDate":1749666600000},{"id":93422161315,"securityId":388,"open":89.9,"high":89.9,"low":86.7,"close":88.9,"turnover":192238.0,"shareVolume":2195,"tradeVolume":27,"tradeDate":1749580200000},{"id":93377152975,"securityId":388,"open":88.9,"high":90.0,"low":87.0,"close":89.5,"turnover":6631476.8,"shareVolume":75425,"tradeVolume":46,"tradeDate":1749407400000},{"id":93332144635,"securityId":388,"open":89.0,"high":90.0,"low":88.1,"close":88.7,"turnover":906332.3,"shareVolume":10166,"tradeVolume":28,"tradeDate":1749148200000},{"id":93287294219,"securityId":388,"open":88.0,"high":89.5,"low":87.0,"close":88.0,"turnover":2873624.6,"shareVolume":32864,"tradeVolume":45,"tradeDate":1749061800000},{"id":93242206917,"securityId":388,"open":85.9,"high":89.0,"low":85.5,"close":88.4,"turnover":2.01028897E7,"shareVolume":230830,"tradeVolume":113,"tradeDate":1748975400000},{"id":93197751311,"securityId":388,"open":85.0,"high":86.5,"low":85.0,"close":85.9,"turnover":8121002.4,"shareVolume":94499,"tradeVolume":65,"tradeDate":1748889000000},{"id":93152900895,"securityId":388,"open":83.2,"high":86.5,"low":83.2,"close":85.4,"turnover":1.18361314E7,"shareVolume":138241,"tradeVolume":79,"tradeDate":1748802600000},{"id":93107971517,"securityId":388,"open":83.0,"high":84.8,"low":82.5,"close":83.7,"turnover":1.42591957E7,"shareVolume":170940,"tradeVolume":60,"tradeDate":1748543400000},{"id":93062963177,"securityId":388,"open":83.3,"high":85.5,"low":82.1,"close":84.9,"turnover":6.33611133E7,"shareVolume":748978,"tradeVolume":103,"tradeDate":1748457000000},{"id":93017875875,"securityId":388,"open":84.7,"high":85.9,"low":83.1,"close":83.4,"turnover":574514.6,"shareVolume":6862,"tradeVolume":20,"tradeDate":1748370600000},{"id":92951705719,"securityId":388,"open":83.6,"high":86.0,"low":83.0,"close":84.7,"turnover":6447778.9,"shareVolume":76423,"tradeVolume":76,"tradeDate":1748284200000},{"id":92907723885,"securityId":388,"open":80.5,"high":83.7,"low":80.5,"close":83.2,"turnover":1.09737481E7,"shareVolume":133295,"tradeVolume":51,"tradeDate":1748197800000},{"id":92864057899,"securityId":388,"open":81.0,"high":81.9,"low":80.0,"close":80.4,"turnover":2739886.0,"shareVolume":33941,"tradeVolume":39,"tradeDate":1747938600000},{"id":92819997103,"securityId":388,"open":79.0,"high":81.0,"low":79.0,"close":80.0,"turnover":217766.3,"shareVolume":2723,"tradeVolume":17,"tradeDate":1747852200000},{"id":92776725927,"securityId":388,"open":80.9,"high":81.0,"low":78.4,"close":80.6,"turnover":144204.5,"shareVolume":1800,"tradeVolume":12,"tradeDate":1747765800000},{"id":92734007485,"securityId":388,"open":81.0,"high":81.0,"low":78.2,"close":78.4,"turnover":294879.6,"shareVolume":3682,"tradeVolume":22,"tradeDate":1747679400000},{"id":92691131119,"securityId":388,"open":81.2,"high":81.9,"low":81.2,"close":81.7,"turnover":167260.5,"shareVolume":2047,"tradeVolume":11,"tradeDate":1747593000000},{"id":92647070323,"securityId":388,"open":81.0,"high":81.0,"low":78.6,"close":80.0,"turnover":2308590.3,"shareVolume":29036,"tradeVolume":34,"tradeDate":1747333800000},{"id":92602377831,"securityId":388,"open":80.5,"high":81.0,"low":80.5,"close":80.5,"turnover":1094231.5,"shareVolume":13592,"tradeVolume":25,"tradeDate":1747247400000},{"id":92558395997,"securityId":388,"open":82.0,"high":82.0,"low":80.5,"close":81.3,"turnover":1175598.6,"shareVolume":14378,"tradeVolume":23,"tradeDate":1747161000000},{"id":92513466619,"securityId":388,"open":83.0,"high":83.0,"low":80.0,"close":80.0,"turnover":1232008.3,"shareVolume":15371,"tradeVolume":28,"tradeDate":1746729000000},{"id":92469800633,"securityId":388,"open":81.7,"high":82.9,"low":81.7,"close":82.7,"turnover":929838.5,"shareVolume":11350,"tradeVolume":10,"tradeDate":1746642600000},{"id":92426766343,"securityId":388,"open":81.0,"high":81.9,"low":75.0,"close":79.9,"turnover":2121069.8,"shareVolume":27368,"tradeVolume":85,"tradeDate":1746556200000},{"id":92383653091,"securityId":388,"open":82.5,"high":83.0,"low":81.0,"close":81.3,"turnover":758483.0,"shareVolume":9295,"tradeVolume":20,"tradeDate":1746469800000},{"id":92340776725,"securityId":388,"open":80.6,"high":83.0,"low":80.6,"close":80.7,"turnover":1068344.5,"shareVolume":13226,"tradeVolume":27,"tradeDate":1746383400000},{"id":92296873853,"securityId":388,"open":83.4,"high":83.4,"low":80.4,"close":83.2,"turnover":102291.0,"shareVolume":1230,"tradeVolume":7,"tradeDate":1746124200000},{"id":92253523715,"securityId":388,"open":84.9,"high":84.9,"low":82.2,"close":82.5,"turnover":493718.7,"shareVolume":5858,"tradeVolume":16,"tradeDate":1745951400000},{"id":92210252539,"securityId":388,"open":83.4,"high":85.0,"low":83.4,"close":84.6,"turnover":346966.1,"shareVolume":4141,"tradeVolume":18,"tradeDate":1745865000000},{"id":92166823439,"securityId":388,"open":83.4,"high":83.4,"low":82.5,"close":82.6,"turnover":2188147.5,"shareVolume":26502,"tradeVolume":21,"tradeDate":1745778600000},{"id":92124104997,"securityId":388,"open":83.2,"high":83.2,"low":82.5,"close":82.9,"turnover":968272.0,"shareVolume":11673,"tradeVolume":45,"tradeDate":1745519400000},{"id":92081070707,"securityId":388,"open":83.0,"high":83.3,"low":83.0,"close":83.0,"turnover":117043.4,"shareVolume":1408,"tradeVolume":4,"tradeDate":1745433000000},{"id":92039457733,"securityId":388,"open":82.0,"high":83.5,"low":80.8,"close":81.0,"turnover":3012429.0,"shareVolume":36958,"tradeVolume":25,"tradeDate":1745346600000},{"id":91996976177,"securityId":388,"open":81.2,"high":82.5,"low":78.3,"close":81.2,"turnover":1683477.2,"shareVolume":21018,"tradeVolume":30,"tradeDate":1745260200000},{"id":91953862925,"securityId":388,"open":78.2,"high":81.2,"low":78.0,"close":78.6,"turnover":3353477.7,"shareVolume":42654,"tradeVolume":38,"tradeDate":1745173800000},{"id":91910196939,"securityId":388,"open":78.0,"high":79.5,"low":78.0,"close":79.0,"turnover":2568187.8,"shareVolume":32914,"tradeVolume":24,"tradeDate":1744828200000},{"id":91867636421,"securityId":388,"open":78.9,"high":79.0,"low":78.8,"close":78.9,"turnover":134160.0,"shareVolume":1700,"tradeVolume":5,"tradeDate":1744741800000},{"id":91824128359,"securityId":388,"open":79.0,"high":79.0,"low":78.9,"close":78.9,"turnover":32832.4,"shareVolume":416,"tradeVolume":4,"tradeDate":1744309800000},{"id":91782041613,"securityId":388,"open":79.0,"high":79.0,"low":76.0,"close":77.5,"turnover":1162709.7,"shareVolume":14803,"tradeVolume":17,"tradeDate":1744223400000},{"id":91739244209,"securityId":388,"open":73.0,"high":79.0,"low":73.0,"close":77.9,"turnover":129009.4,"shareVolume":1672,"tradeVolume":18,"tradeDate":1744137000000},{"id":91696604729,"securityId":388,"open":71.1,"high":78.0,"low":71.1,"close":76.5,"turnover":422786.2,"shareVolume":5518,"tradeVolume":15,"tradeDate":1744050600000},{"id":91652149123,"securityId":388,"open":75.0,"high":77.9,"low":71.0,"close":73.1,"turnover":992162.0,"shareVolume":13413,"tradeVolume":38,"tradeDate":1743964200000},{"id":91619537817,"securityId":388,"open":79.0,"high":79.9,"low":76.5,"close":78.4,"turnover":830559.8,"shareVolume":10839,"tradeVolume":26,"tradeDate":1743705000000},{"id":91576029755,"securityId":388,"open":80.2,"high":81.0,"low":78.9,"close":79.0,"turnover":862463.4,"shareVolume":10859,"tradeVolume":35,"tradeDate":1743618600000},{"id":91533074427,"securityId":388,"open":79.0,"high":88.0,"low":79.0,"close":82.0,"turnover":1858382.5,"shareVolume":22556,"tradeVolume":60,"tradeDate":1743532200000},{"id":91489803251,"securityId":388,"open":79.0,"high":79.1,"low":77.0,"close":79.0,"turnover":2685682.7,"shareVolume":34165,"tradeVolume":56,"tradeDate":1743445800000},{"id":91445347645,"securityId":388,"open":79.3,"high":79.7,"low":77.0,"close":78.9,"turnover":7652728.3,"shareVolume":97725,"tradeVolume":56,"tradeDate":1743100200000},{"id":91401918545,"securityId":388,"open":78.3,"high":79.8,"low":74.1,"close":76.1,"turnover":1254797.8,"shareVolume":16459,"tradeVolume":58,"tradeDate":1743013800000},{"id":91359200103,"securityId":388,"open":78.4,"high":78.4,"low":74.0,"close":78.0,"turnover":509693.6,"shareVolume":6859,"tradeVolume":27,"tradeDate":1742927400000},{"id":91316165813,"securityId":388,"open":73.2,"high":79.0,"low":73.2,"close":75.7,"turnover":558053.0,"shareVolume":7537,"tradeVolume":19,"tradeDate":1742841000000},{"id":91279527445,"securityId":388,"open":75.5,"high":75.7,"low":74.0,"close":74.2,"turnover":422024.9,"shareVolume":5641,"tradeVolume":20,"tradeDate":1742789911000},{"id":91249679809,"securityId":388,"open":74.8,"high":77.5,"low":74.8,"close":75.9,"turnover":723686.3,"shareVolume":9543,"tradeVolume":21,"tradeDate":1742495400000},{"id":91205303165,"securityId":388,"open":74.5,"high":75.0,"low":74.3,"close":75.0,"turnover":297395.1,"shareVolume":3995,"tradeVolume":21,"tradeDate":1742409000000},{"id":91161005483,"securityId":388,"open":74.9,"high":74.9,"low":72.0,"close":72.0,"turnover":1362897.6,"shareVolume":18911,"tradeVolume":28,"tradeDate":1742322600000},{"id":91117971193,"securityId":388,"open":73.0,"high":73.0,"low":71.1,"close":73.0,"turnover":452047.5,"shareVolume":6253,"tradeVolume":26,"tradeDate":1742236200000},{"id":91073831435,"securityId":388,"open":75.5,"high":77.0,"low":73.5,"close":73.6,"turnover":924758.5,"shareVolume":12562,"tradeVolume":33,"tradeDate":1742149800000},{"id":91030323373,"securityId":388,"open":77.9,"high":80.0,"low":74.9,"close":76.2,"turnover":574905.6,"shareVolume":7480,"tradeVolume":32,"tradeDate":1741890600000},{"id":90985315033,"securityId":388,"open":77.1,"high":78.0,"low":70.0,"close":76.5,"turnover":2790606.6,"shareVolume":38072,"tradeVolume":96,"tradeDate":1741717800000},{"id":90941885933,"securityId":388,"open":76.6,"high":79.0,"low":76.6,"close":78.0,"turnover":31465.0,"shareVolume":405,"tradeVolume":6,"tradeDate":1741631400000},{"id":90898219947,"securityId":388,"open":78.5,"high":80.0,"low":77.1,"close":79.1,"turnover":208497.4,"shareVolume":2637,"tradeVolume":8,"tradeDate":1741545000000},{"id":90856054239,"securityId":388,"open":76.1,"high":80.0,"low":76.1,"close":79.8,"turnover":347968.6,"shareVolume":4353,"tradeVolume":12,"tradeDate":1741285800000},{"id":90813888531,"securityId":388,"open":80.5,"high":80.7,"low":74.1,"close":78.4,"turnover":1158665.7,"shareVolume":14642,"tradeVolume":34,"tradeDate":1741199400000},{"id":90770617355,"securityId":388,"open":82.0,"high":82.0,"low":78.1,"close":80.7,"turnover":2536469.6,"shareVolume":31555,"tradeVolume":111,"tradeDate":1741113000000},{"id":90727346179,"securityId":388,"open":84.9,"high":84.9,"low":82.0,"close":83.2,"turnover":3275425.0,"shareVolume":39420,"tradeVolume":77,"tradeDate":1741026600000},{"id":90684075003,"securityId":388,"open":83.1,"high":86.2,"low":83.1,"close":83.8,"turnover":1079242.7,"shareVolume":12868,"tradeVolume":47,"tradeDate":1740940200000},{"id":90641277599,"securityId":388,"open":84.0,"high":85.9,"low":81.0,"close":84.6,"turnover":4230903.0,"shareVolume":50085,"tradeVolume":65,"tradeDate":1740681000000},{"id":90598559157,"securityId":388,"open":85.0,"high":86.9,"low":80.1,"close":84.0,"turnover":1466158.2,"shareVolume":17437,"tradeVolume":86,"tradeDate":1740594600000},{"id":90555445905,"securityId":388,"open":84.5,"high":86.0,"low":83.0,"close":84.1,"turnover":1009676.1,"shareVolume":11982,"tradeVolume":51,"tradeDate":1740421800000},{"id":90511621995,"securityId":388,"open":84.9,"high":87.0,"low":83.8,"close":84.2,"turnover":1.10219916E7,"shareVolume":129578,"tradeVolume":242,"tradeDate":1740335400000},{"id":90444741181,"securityId":388,"open":82.4,"high":83.9,"low":82.1,"close":82.3,"turnover":3829455.6,"shareVolume":46457,"tradeVolume":36,"tradeDate":1740076200000},{"id":90405891877,"securityId":388,"open":81.4,"high":84.3,"low":79.6,"close":82.1,"turnover":2454585.3,"shareVolume":30404,"tradeVolume":54,"tradeDate":1740026602000},{"id":90379281683,"securityId":388,"open":84.0,"high":84.0,"low":81.0,"close":81.4,"turnover":951439.7,"shareVolume":11690,"tradeVolume":24,"tradeDate":1739903400000},{"id":90335536735,"securityId":388,"open":87.0,"high":87.0,"low":81.3,"close":81.8,"turnover":1268254.3,"shareVolume":15200,"tradeVolume":28,"tradeDate":1739817000000},{"id":90291160091,"securityId":388,"open":87.2,"high":87.2,"low":84.1,"close":84.4,"turnover":1332206.2,"shareVolume":15612,"tradeVolume":44,"tradeDate":1739730600000},{"id":90246309675,"securityId":388,"open":82.4,"high":88.0,"low":82.4,"close":87.3,"turnover":4140698.5,"shareVolume":47796,"tradeVolume":187,"tradeDate":1739471400000},{"id":90179507823,"securityId":388,"open":82.0,"high":82.5,"low":79.5,"close":82.2,"turnover":1.55012197E7,"shareVolume":193634,"tradeVolume":218,"tradeDate":1739385000000},{"id":90135447027,"securityId":388,"open":87.0,"high":87.0,"low":81.8,"close":82.0,"turnover":8053595.3,"shareVolume":96928,"tradeVolume":189,"tradeDate":1739212200000},{"id":90091781041,"securityId":388,"open":86.0,"high":88.0,"low":86.0,"close":88.0,"turnover":901879.0,"shareVolume":10317,"tradeVolume":17,"tradeDate":1739125800000},{"id":90047720245,"securityId":388,"open":88.0,"high":89.0,"low":87.5,"close":88.0,"turnover":729566.5,"shareVolume":8290,"tradeVolume":12,"tradeDate":1738866600000},{"id":90003027753,"securityId":388,"open":87.9,"high":89.0,"low":84.0,"close":88.0,"turnover":6898241.5,"shareVolume":79142,"tradeVolume":83,"tradeDate":1738780200000},{"id":89957861489,"securityId":388,"open":94.0,"high":96.5,"low":87.3,"close":88.0,"turnover":1.57146583E7,"shareVolume":175020,"tradeVolume":126,"tradeDate":1738693800000},{"id":89912616263,"securityId":388,"open":99.0,"high":99.0,"low":94.0,"close":94.1,"turnover":5000303.4,"shareVolume":52571,"tradeVolume":61,"tradeDate":1738521000000},{"id":89866581417,"securityId":388,"open":99.6,"high":100.0,"low":95.2,"close":96.5,"turnover":2.32764748E7,"shareVolume":235820,"tradeVolume":239,"tradeDate":1738261800000},{"id":89821652039,"securityId":388,"open":95.0,"high":100.0,"low":95.0,"close":99.1,"turnover":1.44876845E7,"shareVolume":146019,"tradeVolume":193,"tradeDate":1738175400000},{"id":89776327851,"securityId":388,"open":96.8,"high":99.0,"low":95.0,"close":96.4,"turnover":9914984.1,"shareVolume":103806,"tradeVolume":64,"tradeDate":1738089000000},{"id":89731240549,"securityId":388,"open":95.0,"high":96.3,"low":94.0,"close":94.9,"turnover":1927850.0,"shareVolume":20384,"tradeVolume":41,"tradeDate":1738002600000},{"id":89686153247,"securityId":388,"open":96.1,"high":96.4,"low":94.0,"close":94.4,"turnover":2963499.8,"shareVolume":31172,"tradeVolume":38,"tradeDate":1737916200000},{"id":89640513211,"securityId":388,"open":95.0,"high":95.5,"low":94.0,"close":95.0,"turnover":1811828.1,"shareVolume":19057,"tradeVolume":38,"tradeDate":1737657000000},{"id":89596294491,"securityId":388,"open":95.0,"high":95.0,"low":93.0,"close":93.2,"turnover":1.42067337E7,"shareVolume":151420,"tradeVolume":106,"tradeDate":1737570600000},{"id":89550970303,"securityId":388,"open":95.0,"high":97.8,"low":93.5,"close":94.3,"turnover":1.04883761E7,"shareVolume":110546,"tradeVolume":97,"tradeDate":1737484200000},{"id":89505961963,"securityId":388,"open":96.8,"high":98.0,"low":92.5,"close":94.7,"turnover":1.23754516E7,"shareVolume":131407,"tradeVolume":135,"tradeDate":1737397800000},{"id":89460874661,"securityId":388,"open":92.0,"high":97.9,"low":92.0,"close":96.3,"turnover":3.49762048E7,"shareVolume":367262,"tradeVolume":265,"tradeDate":1737311400000},{"id":89416103207,"securityId":388,"open":83.6,"high":91.0,"low":83.5,"close":89.4,"turnover":3.24183299E7,"shareVolume":369410,"tradeVolume":344,"tradeDate":1737052200000},{"id":89371410715,"securityId":388,"open":82.0,"high":83.7,"low":82.0,"close":83.6,"turnover":3710365.7,"shareVolume":44545,"tradeVolume":64,"tradeDate":1736965800000},{"id":89326797185,"securityId":388,"open":81.0,"high":82.8,"low":81.0,"close":81.4,"turnover":5500140.0,"shareVolume":67321,"tradeVolume":53,"tradeDate":1736879400000},{"id":89281867807,"securityId":388,"open":80.2,"high":82.7,"low":80.2,"close":82.0,"turnover":942316.9,"shareVolume":11489,"tradeVolume":21,"tradeDate":1736447400000},{"id":89237333239,"securityId":388,"open":81.8,"high":83.7,"low":80.2,"close":81.2,"turnover":6550394.2,"shareVolume":81092,"tradeVolume":35,"tradeDate":1736361000000},{"id":89192719709,"securityId":388,"open":81.0,"high":82.5,"low":80.0,"close":81.0,"turnover":1264122.2,"shareVolume":15549,"tradeVolume":39,"tradeDate":1736274600000},{"id":89147632407,"securityId":388,"open":79.0,"high":80.0,"low":77.0,"close":80.0,"turnover":3254282.1,"shareVolume":40738,"tradeVolume":42,"tradeDate":1736188200000},{"id":89079804049,"securityId":388,"open":82.9,"high":84.8,"low":78.0,"close":80.4,"turnover":2686320.3,"shareVolume":34010,"tradeVolume":41,"tradeDate":1736101800000},{"id":89034558823,"securityId":388,"open":82.0,"high":86.8,"low":82.0,"close":82.9,"turnover":7985365.4,"shareVolume":95650,"tradeVolume":69,"tradeDate":1735842600000},{"id":88988129167,"securityId":388,"open":81.9,"high":86.1,"low":80.0,"close":82.0,"turnover":1.08568019E7,"shareVolume":132116,"tradeVolume":111,"tradeDate":1735756200000}]}