{"reqDaysOhlc":[{"id":94142689565,"securityId":185,"open":0.7,"high":0.7,"low":0.6,"close":0.6,"turnover":176792.2,"shareVolume":262277,"tradeVolume":20,"tradeDate":1751394600000},{"id":94097444339,"securityId":185,"open":0.7,"high":0.7,"low":0.6,"close":0.6,"turnover":996500.2,"shareVolume":1639024,"tradeVolume":36,"tradeDate":1751308200000},{"id":94052514961,"securityId":185,"open":0.7,"high":0.8,"low":0.6,"close":0.6,"turnover":1686914.2,"shareVolume":2428734,"tradeVolume":48,"tradeDate":1751221800000},{"id":94008217279,"securityId":185,"open":0.7,"high":0.8,"low":0.6,"close":0.7,"turnover":3326001.1,"shareVolume":4739186,"tradeVolume":141,"tradeDate":1750962600000},{"id":93963524787,"securityId":185,"open":0.7,"high":0.8,"low":0.6,"close":0.7,"turnover":2.72621405E7,"shareVolume":38906863,"tradeVolume":370,"tradeDate":1750876200000},{"id":93918358523,"securityId":185,"open":0.7,"high":0.7,"low":0.6,"close":0.6,"turnover":797716.0,"shareVolume":1327073,"tradeVolume":49,"tradeDate":1750789800000},{"id":93851319785,"securityId":185,"open":0.6,"high":0.7,"low":0.5,"close":0.7,"turnover":1674492.3,"shareVolume":2812053,"tradeVolume":77,"tradeDate":1750703400000},{"id":93807101065,"securityId":185,"open":0.6,"high":0.6,"low":0.5,"close":0.6,"turnover":84783.2,"shareVolume":149858,"tradeVolume":33,"tradeDate":1750617000000},{"id":93762882345,"securityId":185,"open":0.6,"high":0.6,"low":0.5,"close":0.6,"turnover":402168.2,"shareVolume":670308,"tradeVolume":39,"tradeDate":1750357800000},{"id":93718347777,"securityId":185,"open":0.5,"high":0.6,"low":0.5,"close":0.6,"turnover":1252852.7,"shareVolume":2122122,"tradeVolume":75,"tradeDate":1750271400000},{"id":93673181513,"securityId":185,"open":0.5,"high":0.6,"low":0.5,"close":0.6,"turnover":1427176.1,"shareVolume":2382057,"tradeVolume":41,"tradeDate":1750185000000},{"id":93628094211,"securityId":185,"open":0.5,"high":0.7,"low":0.5,"close":0.6,"turnover":854976.8,"shareVolume":1423282,"tradeVolume":48,"tradeDate":1750098600000},{"id":93583559643,"securityId":185,"open":0.6,"high":0.6,"low":0.5,"close":0.6,"turnover":1166719.7,"shareVolume":1944533,"tradeVolume":62,"tradeDate":1750012200000},{"id":93538551303,"securityId":185,"open":0.7,"high":0.7,"low":0.5,"close":0.6,"turnover":9904521.4,"shareVolume":16503928,"tradeVolume":122,"tradeDate":1749753000000},{"id":93471196717,"securityId":185,"open":0.6,"high":0.7,"low":0.6,"close":0.7,"turnover":694087.8,"shareVolume":1155331,"tradeVolume":34,"tradeDate":1749666600000},{"id":93426425263,"securityId":185,"open":0.7,"high":0.7,"low":0.6,"close":0.6,"turnover":783403.0,"shareVolume":1301884,"tradeVolume":33,"tradeDate":1749580200000},{"id":93381337961,"securityId":185,"open":0.6,"high":0.7,"low":0.6,"close":0.6,"turnover":725569.3,"shareVolume":1203477,"tradeVolume":27,"tradeDate":1749407400000},{"id":93336408583,"securityId":185,"open":0.7,"high":0.7,"low":0.6,"close":0.7,"turnover":318726.8,"shareVolume":522351,"tradeVolume":31,"tradeDate":1749148200000},{"id":93291479205,"securityId":185,"open":0.6,"high":0.7,"low":0.6,"close":0.7,"turnover":410502.5,"shareVolume":666506,"tradeVolume":30,"tradeDate":1749061800000},{"id":93246233979,"securityId":185,"open":0.7,"high":0.7,"low":0.6,"close":0.7,"turnover":156400.6,"shareVolume":227935,"tradeVolume":33,"tradeDate":1748975400000},{"id":93201857335,"securityId":185,"open":0.7,"high":0.7,"low":0.6,"close":0.6,"turnover":601142.1,"shareVolume":991876,"tradeVolume":51,"tradeDate":1748889000000},{"id":93157085881,"securityId":185,"open":0.7,"high":0.7,"low":0.6,"close":0.7,"turnover":198479.0,"shareVolume":301840,"tradeVolume":27,"tradeDate":1748802600000},{"id":93112156503,"securityId":185,"open":0.6,"high":0.7,"low":0.6,"close":0.6,"turnover":3239483.9,"shareVolume":5398853,"tradeVolume":67,"tradeDate":1748543400000},{"id":93067148163,"securityId":185,"open":0.6,"high":0.7,"low":0.6,"close":0.6,"turnover":895602.0,"shareVolume":1491722,"tradeVolume":40,"tradeDate":1748457000000},{"id":93021981899,"securityId":185,"open":0.7,"high":0.7,"low":0.6,"close":0.7,"turnover":97703.3,"shareVolume":158452,"tradeVolume":19,"tradeDate":1748370600000},{"id":92955890705,"securityId":185,"open":0.6,"high":0.7,"low":0.6,"close":0.7,"turnover":90551.7,"shareVolume":149661,"tradeVolume":15,"tradeDate":1748284200000},{"id":92911750947,"securityId":185,"open":0.7,"high":0.7,"low":0.6,"close":0.6,"turnover":136878.5,"shareVolume":227684,"tradeVolume":11,"tradeDate":1748197800000},{"id":92868084961,"securityId":185,"open":0.7,"high":0.7,"low":0.6,"close":0.7,"turnover":21582.7,"shareVolume":34401,"tradeVolume":12,"tradeDate":1747938600000},{"id":92824182089,"securityId":185,"open":0.7,"high":0.7,"low":0.6,"close":0.6,"turnover":21399.0,"shareVolume":31416,"tradeVolume":19,"tradeDate":1747852200000},{"id":92780674027,"securityId":185,"open":0.7,"high":0.7,"low":0.6,"close":0.7,"turnover":327849.1,"shareVolume":540013,"tradeVolume":13,"tradeDate":1747765800000},{"id":92737797661,"securityId":185,"open":0.7,"high":0.7,"low":0.6,"close":0.7,"turnover":319016.9,"shareVolume":529041,"tradeVolume":13,"tradeDate":1747679400000},{"id":92695237143,"securityId":185,"open":0.7,"high":0.7,"low":0.6,"close":0.6,"turnover":23039.0,"shareVolume":35081,"tradeVolume":15,"tradeDate":1747593000000},{"id":92651255309,"securityId":185,"open":0.6,"high":0.7,"low":0.6,"close":0.6,"turnover":95604.4,"shareVolume":159207,"tradeVolume":21,"tradeDate":1747333800000},{"id":92606483855,"securityId":185,"open":0.6,"high":0.7,"low":0.6,"close":0.7,"turnover":84988.0,"shareVolume":138671,"tradeVolume":12,"tradeDate":1747247400000},{"id":92562580983,"securityId":185,"open":0.7,"high":0.7,"low":0.6,"close":0.6,"turnover":120434.3,"shareVolume":193192,"tradeVolume":14,"tradeDate":1747161000000},{"id":92517493681,"securityId":185,"open":0.7,"high":0.7,"low":0.6,"close":0.7,"turnover":77750.7,"shareVolume":112501,"tradeVolume":6,"tradeDate":1746729000000},{"id":92473906657,"securityId":185,"open":0.7,"high":0.7,"low":0.6,"close":0.7,"turnover":3576.7,"shareVolume":5311,"tradeVolume":7,"tradeDate":1746642600000},{"id":92430714443,"securityId":185,"open":0.7,"high":0.7,"low":0.6,"close":0.7,"turnover":124016.6,"shareVolume":205738,"tradeVolume":7,"tradeDate":1746556200000},{"id":92387443267,"securityId":185,"open":0.7,"high":0.7,"low":0.6,"close":0.6,"turnover":146028.4,"shareVolume":243312,"tradeVolume":11,"tradeDate":1746469800000},{"id":92344882749,"securityId":185,"open":0.7,"high":0.7,"low":0.6,"close":0.7,"turnover":6064.3,"shareVolume":9732,"tradeVolume":11,"tradeDate":1746383400000},{"id":92301058839,"securityId":185,"open":0.6,"high":0.7,"low":0.6,"close":0.7,"turnover":14483.4,"shareVolume":22133,"tradeVolume":9,"tradeDate":1746124200000},{"id":92257708701,"securityId":185,"open":0.6,"high":0.7,"low":0.6,"close":0.7,"turnover":12387.8,"shareVolume":20607,"tradeVolume":12,"tradeDate":1745951400000},{"id":92214279601,"securityId":185,"open":0.7,"high":0.7,"low":0.6,"close":0.7,"turnover":11065.0,"shareVolume":17550,"tradeVolume":13,"tradeDate":1745865000000},{"id":92170850501,"securityId":185,"open":0.7,"high":0.7,"low":0.6,"close":0.6,"turnover":2211.7,"shareVolume":3581,"tradeVolume":8,"tradeDate":1745778600000},{"id":92127974135,"securityId":185,"open":0.6,"high":0.7,"low":0.6,"close":0.7,"turnover":5569.3,"shareVolume":9222,"tradeVolume":9,"tradeDate":1745519400000},{"id":92084623997,"securityId":185,"open":0.7,"high":0.7,"low":0.6,"close":0.7,"turnover":33517.2,"shareVolume":48596,"tradeVolume":12,"tradeDate":1745433000000},{"id":92043247909,"securityId":185,"open":0.7,"high":0.7,"low":0.6,"close":0.6,"turnover":35347.7,"shareVolume":58454,"tradeVolume":8,"tradeDate":1745346600000},{"id":92000687391,"securityId":185,"open":0.7,"high":0.7,"low":0.6,"close":0.7,"turnover":9712.7,"shareVolume":14804,"tradeVolume":7,"tradeDate":1745260200000},{"id":91957968949,"securityId":185,"open":0.6,"high":0.7,"low":0.6,"close":0.6,"turnover":302832.9,"shareVolume":504683,"tradeVolume":18,"tradeDate":1745173800000},{"id":91914145039,"securityId":185,"open":0.7,"high":0.7,"low":0.6,"close":0.7,"turnover":3814.7,"shareVolume":5491,"tradeVolume":5,"tradeDate":1744828200000},{"id":91871742445,"securityId":185,"open":0.7,"high":0.7,"low":0.6,"close":0.7,"turnover":1413653.8,"shareVolume":2020507,"tradeVolume":35,"tradeDate":1744741800000},{"id":91827681649,"securityId":185,"open":0.7,"high":0.7,"low":0.6,"close":0.7,"turnover":1409087.2,"shareVolume":2013136,"tradeVolume":22,"tradeDate":1744309800000},{"id":91786226599,"securityId":185,"open":0.6,"high":0.7,"low":0.5,"close":0.6,"turnover":444985.2,"shareVolume":743411,"tradeVolume":34,"tradeDate":1744223400000},{"id":91742955423,"securityId":185,"open":0.6,"high":0.6,"low":0.5,"close":0.6,"turnover":12481.1,"shareVolume":20802,"tradeVolume":12,"tradeDate":1744137000000},{"id":91700710753,"securityId":185,"open":0.5,"high":0.6,"low":0.5,"close":0.6,"turnover":196716.8,"shareVolume":340525,"tradeVolume":27,"tradeDate":1744050600000},{"id":91656176185,"securityId":185,"open":0.7,"high":0.7,"low":0.5,"close":0.6,"turnover":21782.9,"shareVolume":38080,"tradeVolume":16,"tradeDate":1743964200000},{"id":91623801765,"securityId":185,"open":0.7,"high":0.7,"low":0.5,"close":0.6,"turnover":480006.3,"shareVolume":799502,"tradeVolume":51,"tradeDate":1743705000000},{"id":91580135779,"securityId":185,"open":0.6,"high":0.7,"low":0.6,"close":0.7,"turnover":521293.0,"shareVolume":863433,"tradeVolume":24,"tradeDate":1743618600000},{"id":91537180451,"securityId":185,"open":0.7,"high":0.7,"low":0.6,"close":0.7,"turnover":110441.8,"shareVolume":183049,"tradeVolume":27,"tradeDate":1743532200000},{"id":91493988237,"securityId":185,"open":0.7,"high":0.7,"low":0.6,"close":0.6,"turnover":42370.3,"shareVolume":60914,"tradeVolume":20,"tradeDate":1743445800000},{"id":91449295745,"securityId":185,"open":0.7,"high":0.7,"low":0.6,"close":0.6,"turnover":51375.2,"shareVolume":80536,"tradeVolume":14,"tradeDate":1743100200000},{"id":91405945607,"securityId":185,"open":0.7,"high":0.7,"low":0.6,"close":0.6,"turnover":747876.1,"shareVolume":1246059,"tradeVolume":48,"tradeDate":1743013800000},{"id":91362990279,"securityId":185,"open":0.7,"high":0.7,"low":0.6,"close":0.6,"turnover":106393.2,"shareVolume":177276,"tradeVolume":9,"tradeDate":1742927400000},{"id":91320192875,"securityId":185,"open":0.6,"high":0.7,"low":0.6,"close":0.6,"turnover":1967440.2,"shareVolume":3277475,"tradeVolume":56,"tradeDate":1742841000000},{"id":91276447927,"securityId":185,"open":0.6,"high":0.7,"low":0.6,"close":0.7,"turnover":38207.6,"shareVolume":56887,"tradeVolume":14,"tradeDate":1742788805000},{"id":91253785833,"securityId":185,"open":0.7,"high":0.7,"low":0.6,"close":0.7,"turnover":5953.9,"shareVolume":9077,"tradeVolume":9,"tradeDate":1742495400000},{"id":91209488151,"securityId":185,"open":0.7,"high":0.7,"low":0.6,"close":0.7,"turnover":98662.6,"shareVolume":147579,"tradeVolume":14,"tradeDate":1742409000000},{"id":91165032545,"securityId":185,"open":0.6,"high":0.7,"low":0.5,"close":0.6,"turnover":1474808.1,"shareVolume":2457845,"tradeVolume":30,"tradeDate":1742322600000},{"id":91122077217,"securityId":185,"open":0.7,"high":0.7,"low":0.5,"close":0.6,"turnover":5215653.1,"shareVolume":8677021,"tradeVolume":81,"tradeDate":1742236200000},{"id":91078016421,"securityId":185,"open":0.7,"high":0.7,"low":0.6,"close":0.7,"turnover":81796.7,"shareVolume":117142,"tradeVolume":11,"tradeDate":1742149800000},{"id":91034429397,"securityId":185,"open":0.7,"high":0.7,"low":0.6,"close":0.6,"turnover":141757.9,"shareVolume":235240,"tradeVolume":16,"tradeDate":1741890600000},{"id":90989184171,"securityId":185,"open":0.6,"high":0.7,"low":0.6,"close":0.7,"turnover":37009.0,"shareVolume":60013,"tradeVolume":5,"tradeDate":1741717800000},{"id":90945912995,"securityId":185,"open":0.6,"high":0.7,"low":0.5,"close":0.6,"turnover":1.07610643E7,"shareVolume":17935318,"tradeVolume":170,"tradeDate":1741631400000},{"id":90902247009,"securityId":185,"open":0.7,"high":0.7,"low":0.6,"close":0.6,"turnover":86968.2,"shareVolume":143669,"tradeVolume":9,"tradeDate":1741545000000},{"id":90859686491,"securityId":185,"open":0.6,"high":0.7,"low":0.6,"close":0.7,"turnover":46451.1,"shareVolume":77216,"tradeVolume":8,"tradeDate":1741285800000},{"id":90817599745,"securityId":185,"open":0.6,"high":0.7,"low":0.6,"close":0.7,"turnover":553087.8,"shareVolume":915640,"tradeVolume":15,"tradeDate":1741199400000},{"id":90774723379,"securityId":185,"open":0.6,"high":0.7,"low":0.6,"close":0.7,"turnover":243377.3,"shareVolume":379009,"tradeVolume":23,"tradeDate":1741113000000},{"id":90731215317,"securityId":185,"open":0.7,"high":0.7,"low":0.6,"close":0.7,"turnover":164824.4,"shareVolume":274198,"tradeVolume":10,"tradeDate":1741026600000},{"id":90687865179,"securityId":185,"open":0.7,"high":0.7,"low":0.6,"close":0.7,"turnover":135278.7,"shareVolume":194259,"tradeVolume":15,"tradeDate":1740940200000},{"id":90645067775,"securityId":185,"open":0.6,"high":0.7,"low":0.6,"close":0.7,"turnover":75480.6,"shareVolume":108687,"tradeVolume":10,"tradeDate":1740681000000},{"id":90602428295,"securityId":185,"open":0.6,"high":0.7,"low":0.6,"close":0.7,"turnover":847084.6,"shareVolume":1400067,"tradeVolume":22,"tradeDate":1740594600000},{"id":90559394005,"securityId":185,"open":0.6,"high":0.7,"low":0.6,"close":0.6,"turnover":574594.6,"shareVolume":955067,"tradeVolume":21,"tradeDate":1740421800000},{"id":90515728019,"securityId":185,"open":0.6,"high":0.7,"low":0.6,"close":0.7,"turnover":73921.5,"shareVolume":122382,"tradeVolume":25,"tradeDate":1740335400000},{"id":90448689281,"securityId":185,"open":0.6,"high":0.7,"low":0.6,"close":0.6,"turnover":191392.4,"shareVolume":316275,"tradeVolume":18,"tradeDate":1740076200000},{"id":90399416993,"securityId":185,"open":0.7,"high":0.7,"low":0.6,"close":0.7,"turnover":4430.0,"shareVolume":6444,"tradeVolume":15,"tradeDate":1740024007000},{"id":90383308745,"securityId":185,"open":0.6,"high":0.7,"low":0.6,"close":0.7,"turnover":153314.9,"shareVolume":226286,"tradeVolume":26,"tradeDate":1739903400000},{"id":90339800683,"securityId":185,"open":0.6,"high":0.7,"low":0.6,"close":0.6,"turnover":1970877.0,"shareVolume":2818253,"tradeVolume":55,"tradeDate":1739817000000},{"id":90295424039,"securityId":185,"open":0.7,"high":0.7,"low":0.6,"close":0.7,"turnover":1717633.0,"shareVolume":2460289,"tradeVolume":54,"tradeDate":1739730600000},{"id":90250415699,"securityId":185,"open":0.7,"high":0.7,"low":0.6,"close":0.7,"turnover":118522.3,"shareVolume":172179,"tradeVolume":31,"tradeDate":1739471400000},{"id":90183534885,"securityId":185,"open":0.7,"high":0.7,"low":0.6,"close":0.7,"turnover":9909.9,"shareVolume":16229,"tradeVolume":23,"tradeDate":1739385000000},{"id":90139710975,"securityId":185,"open":0.6,"high":0.7,"low":0.6,"close":0.7,"turnover":9007.2,"shareVolume":14639,"tradeVolume":12,"tradeDate":1739212200000},{"id":90096044989,"securityId":185,"open":0.7,"high":0.8,"low":0.6,"close":0.7,"turnover":751168.3,"shareVolume":1067801,"tradeVolume":44,"tradeDate":1739125800000},{"id":90051826269,"securityId":185,"open":0.7,"high":0.8,"low":0.6,"close":0.7,"turnover":599028.4,"shareVolume":855743,"tradeVolume":36,"tradeDate":1738866600000},{"id":90007212739,"securityId":185,"open":0.7,"high":0.8,"low":0.6,"close":0.7,"turnover":903390.3,"shareVolume":1288988,"tradeVolume":58,"tradeDate":1738780200000},{"id":89962125437,"securityId":185,"open":0.8,"high":0.8,"low":0.6,"close":0.7,"turnover":6982682.4,"shareVolume":9971920,"tradeVolume":124,"tradeDate":1738693800000},{"id":89916801249,"securityId":185,"open":0.7,"high":0.8,"low":0.7,"close":0.8,"turnover":261251.1,"shareVolume":367252,"tradeVolume":28,"tradeDate":1738521000000},{"id":89870766403,"securityId":185,"open":0.8,"high":0.8,"low":0.7,"close":0.7,"turnover":1677723.9,"shareVolume":2390936,"tradeVolume":44,"tradeDate":1738261800000},{"id":89825837025,"securityId":185,"open":0.7,"high":0.8,"low":0.7,"close":0.7,"turnover":512002.5,"shareVolume":717076,"tradeVolume":24,"tradeDate":1738175400000},{"id":89780433875,"securityId":185,"open":0.7,"high":0.8,"low":0.6,"close":0.8,"turnover":4555418.3,"shareVolume":6506798,"tradeVolume":78,"tradeDate":1738089000000},{"id":89735504497,"securityId":185,"open":0.7,"high":0.8,"low":0.6,"close":0.7,"turnover":3322348.8,"shareVolume":4745832,"tradeVolume":54,"tradeDate":1738002600000},{"id":89690338233,"securityId":185,"open":0.7,"high":0.8,"low":0.6,"close":0.7,"turnover":5428985.8,"shareVolume":7753724,"tradeVolume":178,"tradeDate":1737916200000},{"id":89644698197,"securityId":185,"open":0.7,"high":0.8,"low":0.7,"close":0.7,"turnover":447583.7,"shareVolume":631354,"tradeVolume":56,"tradeDate":1737657000000},{"id":89600479477,"securityId":185,"open":0.7,"high":0.8,"low":0.7,"close":0.7,"turnover":4345678.9,"shareVolume":6201302,"tradeVolume":58,"tradeDate":1737570600000},{"id":89555234251,"securityId":185,"open":0.7,"high":0.8,"low":0.7,"close":0.7,"turnover":243363.7,"shareVolume":338961,"tradeVolume":20,"tradeDate":1737484200000},{"id":89510225911,"securityId":185,"open":0.8,"high":0.8,"low":0.6,"close":0.7,"turnover":9470816.8,"shareVolume":13515025,"tradeVolume":197,"tradeDate":1737397800000},{"id":89465138609,"securityId":185,"open":0.8,"high":0.8,"low":0.7,"close":0.8,"turnover":518139.2,"shareVolume":739514,"tradeVolume":32,"tradeDate":1737311400000},{"id":89420209231,"securityId":185,"open":0.8,"high":0.8,"low":0.7,"close":0.8,"turnover":352238.1,"shareVolume":445797,"tradeVolume":35,"tradeDate":1737052200000},{"id":89375674663,"securityId":185,"open":0.8,"high":0.8,"low":0.7,"close":0.7,"turnover":239996.9,"shareVolume":330705,"tradeVolume":41,"tradeDate":1736965800000},{"id":89330982171,"securityId":185,"open":0.7,"high":0.8,"low":0.7,"close":0.8,"turnover":376857.5,"shareVolume":536408,"tradeVolume":39,"tradeDate":1736879400000},{"id":89286131755,"securityId":185,"open":0.8,"high":0.8,"low":0.7,"close":0.8,"turnover":1490591.2,"shareVolume":2121538,"tradeVolume":21,"tradeDate":1736447400000},{"id":89241518225,"securityId":185,"open":0.7,"high":0.8,"low":0.7,"close":0.7,"turnover":3794043.4,"shareVolume":5379749,"tradeVolume":67,"tradeDate":1736361000000},{"id":89196983657,"securityId":185,"open":0.8,"high":0.8,"low":0.7,"close":0.7,"turnover":280694.2,"shareVolume":378743,"tradeVolume":42,"tradeDate":1736274600000},{"id":89151817393,"securityId":185,"open":0.8,"high":0.8,"low":0.7,"close":0.8,"turnover":125207.4,"shareVolume":159211,"tradeVolume":30,"tradeDate":1736188200000},{"id":89084067997,"securityId":185,"open":0.8,"high":0.9,"low":0.7,"close":0.8,"turnover":1850016.2,"shareVolume":2324984,"tradeVolume":59,"tradeDate":1736101800000},{"id":89038822771,"securityId":185,"open":0.9,"high":0.9,"low":0.7,"close":0.8,"turnover":6831958.8,"shareVolume":8523557,"tradeVolume":151,"tradeDate":1735842600000},{"id":88992393115,"securityId":185,"open":0.8,"high":0.9,"low":0.8,"close":0.9,"turnover":7606839.6,"shareVolume":9437883,"tradeVolume":107,"tradeDate":1735756200000}]}